kind,id,dist_river_m,height_above_river_m
road_segment,0,929.0,3.0
road_segment,1,3297.7,2.0
road_segment,2,2003.6,6.0
road_segment,3,397.5,65.0
road_segment,4,1551.8,5.0
road_segment,5,2573.7,0.0
road_segment,6,142.8,0.0
road_segment,7,182.0,1.0
road_segment,8,2424.8,2.0
road_segment,9,690.9,15.0
road_segment,10,4114.8,0.0
road_segment,11,797.3,3.0
road_segment,12,453.5,13.0
road_segment,13,2455.0,4.0
road_segment,14,63.8,0.0
road_segment,15,670.5,0.0
road_segment,16,205.9,4.0
road_segment,17,933.8,22.0
road_segment,18,868.5,2.0
road_segment,19,2421.2,1.0
road_segment,20,2156.4,5.0
road_segment,21,1203.7,1.0
road_segment,22,16.0,0.0
road_segment,23,491.0,13.0
road_segment,24,3516.9,9.0
road_segment,25,525.4,8.0
road_segment,26,4073.5,20.0
road_segment,27,1261.6,27.0
road_segment,28,255.2,3.0
road_segment,29,1670.8,20.0
road_segment,30,652.5,10.0
road_segment,31,4037.2,7.0
road_segment,32,3214.7,47.0
road_segment,33,620.5,4.0
road_segment,34,388.6,7.0
road_segment,35,929.8,13.0
road_segment,36,274.1,8.0
road_segment,37,1086.1,9.0
road_segment,38,1402.0,14.0
road_segment,39,2958.3,6.0
road_segment,40,857.2,3.0
road_segment,41,2044.2,3.0
road_segment,42,192.9,0.0
road_segment,43,552.6,0.0
road_segment,44,21.2,0.0
road_segment,45,920.7,3.0
road_segment,46,2697.3,0.0
road_segment,47,122.2,1.0
road_segment,48,2515.2,7.0
road_segment,49,1593.7,3.0
road_segment,50,2154.2,20.0
road_segment,51,807.5,0.0
road_segment,52,206.0,16.0
road_segment,53,1349.7,3.0
road_segment,54,3209.1,20.0
road_segment,55,1141.3,17.0
road_segment,56,3802.0,0.0
road_segment,57,233.1,1.0
road_segment,58,157.1,0.0
road_segment,59,103.3,0.0
road_segment,60,1987.3,34.0
road_segment,61,2410.4,4.0
road_segment,62,111.6,0.0
road_segment,63,647.2,31.0
road_segment,64,2015.3,10.0
road_segment,65,110.2,0.0
road_segment,66,3073.1,16.0
road_segment,67,2104.7,1.0
road_segment,68,170.4,0.0
road_segment,69,1652.7,22.0
road_segment,70,1169.2,1.0
road_segment,71,937.0,7.0
road_segment,72,272.7,2.0
road_segment,73,2605.9,0.0
road_segment,74,542.6,0.0
road_segment,75,47.0,0.0
road_segment,76,1750.7,4.0
road_segment,77,1763.0,8.0
road_segment,78,2004.4,0.0
road_segment,79,2962.3,9.0
road_segment,80,821.3,9.0
road_segment,81,1827.1,6.0
road_segment,82,2219.5,0.0
road_segment,83,760.2,3.0
road_segment,84,609.1,10.0
road_segment,85,735.9,0.0
road_segment,86,925.6,0.0
road_segment,87,494.8,0.0
road_segment,88,1064.1,8.0
road_segment,89,202.3,0.0
road_segment,90,1440.1,0.0
road_segment,91,2180.8,1.0
road_segment,92,373.6,42.0
road_segment,93,2292.9,0.0
road_segment,94,377.6,10.0
road_segment,95,1968.8,2.0
road_segment,96,966.8,9.0
road_segment,97,983.1,2.0
road_segment,98,904.0,0.0
road_segment,99,1167.0,0.0
road_segment,100,558.3,0.0
road_segment,101,811.8,1.0
road_segment,102,2032.0,2.0
road_segment,103,2059.5,1.0
road_segment,104,3817.7,1.0
road_segment,105,36.7,0.0
road_segment,106,1211.1,15.0
road_segment,107,1260.6,15.0
road_segment,108,457.5,2.0
road_segment,109,343.7,0.0
road_segment,110,1196.6,0.0
road_segment,111,2126.5,12.0
road_segment,112,410.8,34.0
road_segment,113,2540.4,4.0
road_segment,114,829.7,1.0
road_segment,115,1183.2,0.0
road_segment,116,322.7,8.0
road_segment,117,906.5,0.0
road_segment,118,142.1,0.0
road_segment,119,51.5,0.0
road_segment,120,182.5,1.0
road_segment,121,2724.1,0.0
road_segment,122,1102.9,0.0
road_segment,123,1349.0,14.0
road_segment,124,2900.3,5.0
road_segment,125,1561.7,0.0
road_segment,126,1537.8,0.0
road_segment,127,984.2,4.0
road_segment,128,3608.4,3.0
road_segment,129,1875.9,0.0
road_segment,130,2622.3,0.0
road_segment,131,1327.2,0.0
road_segment,132,352.3,9.0
road_segment,133,1741.9,7.0
road_segment,134,425.8,0.0
road_segment,135,599.8,67.0
road_segment,136,840.8,0.0
road_segment,137,1275.3,2.0
road_segment,138,1616.8,20.0
road_segment,139,2073.4,8.0
road_segment,140,100.7,0.0
road_segment,141,520.9,0.0
road_segment,142,1244.7,0.0
road_segment,143,745.1,0.0
road_segment,144,341.5,0.0
road_segment,145,1301.6,0.0
road_segment,146,934.7,10.0
road_segment,147,1086.4,43.0
road_segment,148,536.0,2.0
road_segment,149,250.4,0.0
road_segment,150,1700.7,15.0
road_segment,151,2433.7,15.0
road_segment,152,319.9,8.0
road_segment,153,1079.4,4.0
road_segment,154,645.6,9.0
road_segment,155,451.1,4.0
road_segment,156,821.6,0.0
road_segment,157,1500.3,88.0
road_segment,158,635.1,0.0
road_segment,159,375.3,0.0
road_segment,160,539.0,1.0
road_segment,161,1186.9,2.0
road_segment,162,62.6,0.0
road_segment,163,2589.6,0.0
road_segment,164,444.8,15.0
road_segment,165,138.4,0.0
road_segment,166,1901.2,17.0
road_segment,167,447.5,20.0
road_segment,168,1641.4,4.0
road_segment,169,2135.6,2.0
road_segment,170,620.3,3.0
road_segment,171,1176.4,36.0
road_segment,172,192.5,0.0
road_segment,173,128.5,0.0
road_segment,174,915.5,4.0
road_segment,175,1968.2,4.0
road_segment,176,865.0,6.0
road_segment,177,1106.8,2.0
road_segment,178,1140.5,3.0
road_segment,179,2533.5,8.0
road_segment,180,256.7,2.0
road_segment,181,1199.8,7.0
road_segment,182,1016.9,0.0
road_segment,183,772.9,0.0
road_segment,184,723.4,0.0
road_segment,185,156.3,6.0
road_segment,186,190.3,0.0
road_segment,187,1175.2,8.0
road_segment,188,2302.0,5.0
road_segment,189,428.5,4.0
road_segment,190,477.3,0.0
road_segment,191,329.9,0.0
road_segment,192,110.8,0.0
road_segment,193,909.2,12.0
road_segment,194,723.6,3.0
road_segment,195,447.1,4.0
road_segment,196,221.3,1.0
road_segment,197,1939.7,3.0
road_segment,198,160.0,0.0
road_segment,199,491.5,7.0
road_segment,200,3205.2,24.0
road_segment,201,712.0,0.0
road_segment,202,1227.6,2.0
road_segment,203,1221.6,2.0
road_segment,204,1342.0,13.0
road_segment,205,257.6,6.0
road_segment,206,470.5,0.0
road_segment,207,792.4,0.0
road_segment,208,906.3,0.0
road_segment,209,4029.2,8.0
road_segment,210,921.2,0.0
road_segment,211,290.5,6.0
road_segment,212,2699.9,0.0
road_segment,213,1555.5,0.0
road_segment,214,1388.6,10.0
road_segment,215,389.4,2.0
road_segment,216,568.1,0.0
road_segment,217,1676.7,2.0
road_segment,218,1393.6,0.0
road_segment,219,1534.3,6.0
road_segment,220,290.5,0.0
road_segment,221,1486.3,4.0
road_segment,222,166.4,2.0
road_segment,223,238.0,8.0
road_segment,224,10.2,0.0
road_segment,225,230.1,2.0
road_segment,226,891.5,13.0
road_segment,227,249.8,0.0
road_segment,228,933.8,0.0
road_segment,229,1069.6,7.0
road_segment,230,220.4,0.0
road_segment,231,2099.0,5.0
road_segment,232,2025.6,0.0
road_segment,233,966.0,6.0
road_segment,234,535.5,1.0
road_segment,235,126.3,2.0
road_segment,236,2229.3,21.0
road_segment,237,1422.2,0.0
road_segment,238,98.5,0.0
road_segment,239,789.3,0.0
road_segment,240,1306.9,0.0
road_segment,241,192.9,0.0
road_segment,242,2153.7,0.0
road_segment,243,3686.7,0.0
road_segment,244,1699.2,0.0
road_segment,245,1020.1,0.0
road_segment,246,132.3,17.0
road_segment,247,470.0,3.0
road_segment,248,983.5,6.0
road_segment,249,920.8,7.0
road_segment,250,697.0,4.0
road_segment,251,57.8,0.0
road_segment,252,2368.1,1.0
road_segment,253,2115.9,12.0
road_segment,254,208.8,6.0
road_segment,255,432.1,6.0
road_segment,256,587.1,0.0
road_segment,257,782.6,1.0
road_segment,258,1045.5,0.0
road_segment,259,1389.0,5.0
road_segment,260,198.7,0.0
road_segment,261,534.6,5.0
road_segment,262,618.8,16.0
road_segment,263,1819.0,0.0
road_segment,264,241.6,0.0
road_segment,265,1787.5,23.0
road_segment,266,958.4,2.0
road_segment,267,1095.5,7.0
road_segment,268,2930.5,0.0
road_segment,269,1732.0,30.0
road_segment,270,770.3,2.0
road_segment,271,130.0,0.0
road_segment,272,752.8,0.0
road_segment,273,1107.7,2.0
road_segment,274,236.7,0.0
road_segment,275,86.1,0.0
road_segment,276,1345.4,0.0
road_segment,277,403.1,182.0
road_segment,278,233.2,0.0
road_segment,279,903.7,0.0
road_segment,280,236.0,1.0
road_segment,281,331.4,0.0
road_segment,282,2690.6,2.0
road_segment,283,891.4,15.0
road_segment,284,169.2,12.0
road_segment,285,225.0,0.0
road_segment,286,2787.8,9.0
road_segment,287,1190.5,3.0
road_segment,288,1268.3,3.0
road_segment,289,466.3,0.0
road_segment,290,2816.6,8.0
road_segment,291,3081.5,7.0
road_segment,292,983.9,0.0
road_segment,293,608.2,35.0
road_segment,294,1871.7,10.0
road_segment,295,3265.7,18.0
road_segment,296,432.4,0.0
road_segment,297,3534.5,7.0
road_segment,298,1460.8,18.0
road_segment,299,343.2,0.0
road_segment,300,3206.4,20.0
road_segment,301,158.1,0.0
road_segment,302,3181.1,7.0
road_segment,303,2404.7,7.0
road_segment,304,143.2,0.0
road_segment,305,767.8,14.0
road_segment,306,250.0,0.0
road_segment,307,423.3,7.0
road_segment,308,194.1,0.0
road_segment,309,1568.8,0.0
road_segment,310,303.9,1.0
road_segment,311,3212.2,15.0
road_segment,312,1365.2,4.0
road_segment,313,412.1,30.0
road_segment,314,1606.7,0.0
road_segment,315,2879.6,0.0
road_segment,316,170.6,3.0
road_segment,317,123.4,2.0
road_segment,318,572.2,11.0
road_segment,319,133.4,0.0
road_segment,320,612.5,4.0
road_segment,321,457.2,11.0
road_segment,322,257.5,13.0
road_segment,323,158.0,0.0
road_segment,324,1840.9,5.0
road_segment,325,211.4,0.0
road_segment,326,156.7,0.0
road_segment,327,215.0,3.0
road_segment,328,2931.7,0.0
road_segment,329,1880.7,4.0
road_segment,330,2319.2,11.0
road_segment,331,658.1,12.0
road_segment,332,829.0,6.0
road_segment,333,3636.7,5.0
road_segment,334,59.6,7.0
road_segment,335,1212.3,10.0
road_segment,336,3766.6,1.0
road_segment,337,78.4,0.0
road_segment,338,929.3,1.0
road_segment,339,223.9,0.0
road_segment,340,2003.5,3.0
road_segment,341,871.2,14.0
road_segment,342,552.4,0.0
road_segment,343,2162.5,21.0
road_segment,344,1455.3,75.0
road_segment,345,321.2,0.0
road_segment,346,840.8,0.0
road_segment,347,802.2,20.0
road_segment,348,510.0,0.0
road_segment,349,279.4,33.0
road_segment,350,779.1,3.0
road_segment,351,1034.3,18.0
road_segment,352,807.3,9.0
road_segment,353,2344.5,0.0
road_segment,354,1027.6,0.0
road_segment,355,137.3,1.0
road_segment,356,4084.7,63.0
road_segment,357,1183.7,0.0
road_segment,358,219.3,0.0
road_segment,359,2592.2,7.0
road_segment,360,3355.8,3.0
road_segment,361,856.8,2.0
road_segment,362,945.2,3.0
road_segment,363,1551.3,2.0
road_segment,364,166.8,0.0
road_segment,365,155.7,0.0
road_segment,366,101.4,0.0
road_segment,367,1031.8,0.0
road_segment,368,54.5,0.0
road_segment,369,241.6,0.0
road_segment,370,555.1,1.0
road_segment,371,1292.5,4.0
road_segment,372,234.1,10.0
road_segment,373,2707.3,11.0
road_segment,374,2347.4,0.0
road_segment,375,2778.0,0.0
road_segment,376,165.6,0.0
road_segment,377,2446.1,0.0
road_segment,378,3407.5,7.0
road_segment,379,564.4,7.0
road_segment,380,2718.5,0.0
road_segment,381,918.8,41.0
road_segment,382,611.4,3.0
road_segment,383,2113.0,2.0
road_segment,384,716.7,15.0
road_segment,385,653.1,41.0
road_segment,386,386.8,6.0
road_segment,387,1058.9,0.0
road_segment,388,2673.9,5.0
road_segment,389,208.0,0.0
road_segment,390,1279.1,5.0
road_segment,391,552.5,0.0
road_segment,392,2935.9,36.0
road_segment,393,67.3,0.0
road_segment,394,2263.8,0.0
road_segment,395,1327.2,5.0
road_segment,396,1612.8,4.0
road_segment,397,661.9,0.0
road_segment,398,1904.5,7.0
road_segment,399,203.2,6.0
road_segment,400,378.1,0.0
road_segment,401,571.4,2.0
road_segment,402,931.6,2.0
road_segment,403,109.0,0.0
road_segment,404,341.9,0.0
road_segment,405,516.1,3.0
road_segment,406,3755.9,58.0
road_segment,407,827.0,11.0
road_segment,408,48.2,1.0
road_segment,409,217.3,4.0
road_segment,410,97.3,0.0
road_segment,411,2570.6,0.0
road_segment,412,503.9,16.0
road_segment,413,1705.2,0.0
road_segment,414,4240.4,0.0
road_segment,415,114.9,0.0
road_segment,416,4462.6,6.0
road_segment,417,1051.0,2.0
road_segment,418,624.3,0.0
road_segment,419,3165.6,13.0
road_segment,420,173.8,0.0
road_segment,421,1712.2,4.0
road_segment,422,1223.5,29.0
road_segment,423,911.3,0.0
road_segment,424,1254.4,19.0
road_segment,425,1235.8,4.0
road_segment,426,115.3,0.0
road_segment,427,136.2,2.0
road_segment,428,2146.0,26.0
road_segment,429,1541.9,0.0
road_segment,430,506.2,12.0
road_segment,431,653.1,8.0
road_segment,432,435.9,3.0
road_segment,433,714.1,17.0
road_segment,434,642.9,0.0
road_segment,435,59.7,2.0
road_segment,436,694.6,6.0
road_segment,437,2270.5,4.0
road_segment,438,448.5,6.0
road_segment,439,865.0,5.0
road_segment,440,578.7,1.0
road_segment,441,1876.1,5.0
road_segment,442,2269.0,11.0
road_segment,443,59.8,0.0
road_segment,444,141.1,0.0
road_segment,445,3136.5,18.0
road_segment,446,2395.8,55.0
road_segment,447,531.0,5.0
road_segment,448,2269.7,3.0
road_segment,449,2677.4,0.0
road_segment,450,2901.1,15.0
road_segment,451,1722.5,28.0
road_segment,452,146.1,2.0
road_segment,453,3990.7,17.0
road_segment,454,228.0,1.0
road_segment,455,681.2,7.0
road_segment,456,1248.1,15.0
road_segment,457,2117.0,2.0
road_segment,458,353.4,2.0
road_segment,459,2876.5,10.0
road_segment,460,912.9,5.0
road_segment,461,239.7,0.0
road_segment,462,418.0,56.0
road_segment,463,146.4,6.0
road_segment,464,2276.5,9.0
road_segment,465,1234.9,8.0
road_segment,466,743.0,5.0
road_segment,467,598.0,4.0
road_segment,468,1952.4,5.0
road_segment,469,1473.5,13.0
road_segment,470,83.4,0.0
road_segment,471,1641.7,9.0
road_segment,472,1451.3,0.0
road_segment,473,858.8,52.0
road_segment,474,352.9,8.0
road_segment,475,380.6,8.0
road_segment,476,1586.7,11.0
road_segment,477,718.5,3.0
road_segment,478,1143.3,0.0
road_segment,479,58.9,0.0
road_segment,480,496.9,1.0
road_segment,481,1502.2,18.0
road_segment,482,1076.3,2.0
road_segment,483,769.5,4.0
road_segment,484,308.0,1.0
road_segment,485,351.6,4.0
road_segment,486,2992.2,0.0
road_segment,487,5039.5,18.0
road_segment,488,774.1,0.0
road_segment,489,213.0,1.0
road_segment,490,500.2,1.0
road_segment,491,781.4,2.0
road_segment,492,4964.6,0.0
road_segment,493,1933.9,0.0
road_segment,494,823.1,39.0
road_segment,495,39.8,0.0
road_segment,496,3192.2,1.0
road_segment,497,1350.9,0.0
road_segment,498,392.4,1.0
road_segment,499,2241.7,0.0
road_segment,500,198.6,0.0
road_segment,501,175.2,1.0
road_segment,502,1702.4,7.0
road_segment,503,1471.7,0.0
road_segment,504,2672.3,5.0
road_segment,505,516.2,2.0
road_segment,506,152.6,0.0
road_segment,507,1091.8,3.0
road_segment,508,1848.3,11.0
road_segment,509,1669.0,0.0
road_segment,510,141.1,1.0
road_segment,511,1142.8,21.0
road_segment,512,1573.2,0.0
road_segment,513,643.0,1.0
road_segment,514,413.2,1.0
road_segment,515,916.1,2.0
road_segment,516,317.2,1.0
road_segment,517,97.5,0.0
road_segment,518,3998.5,13.0
road_segment,519,290.9,0.0
road_segment,520,155.5,7.0
road_segment,521,1151.3,2.0
road_segment,522,159.1,0.0
road_segment,523,432.9,3.0
road_segment,524,986.4,2.0
road_segment,525,2971.8,0.0
road_segment,526,757.0,0.0
road_segment,527,408.3,16.0
road_segment,528,1346.9,0.0
road_segment,529,641.2,6.0
road_segment,530,380.4,0.0
road_segment,531,224.2,2.0
road_segment,532,3740.6,4.0
road_segment,533,597.2,12.0
road_segment,534,2161.5,0.0
road_segment,535,434.0,0.0
road_segment,536,1194.9,6.0
road_segment,537,1537.1,36.0
road_segment,538,302.8,6.0
road_segment,539,2465.0,4.0
road_segment,540,803.9,3.0
road_segment,541,248.6,2.0
road_segment,542,82.8,1.0
road_segment,543,943.7,0.0
road_segment,544,102.1,0.0
road_segment,545,1931.1,3.0
road_segment,546,426.3,6.0
road_segment,547,3029.9,0.0
road_segment,548,692.6,0.0
road_segment,549,2548.3,0.0
road_segment,550,2853.6,9.0
road_segment,551,80.1,0.0
road_segment,552,287.2,2.0
road_segment,553,559.9,7.0
road_segment,554,596.2,1.0
road_segment,555,1105.3,2.0
road_segment,556,86.0,1.0
road_segment,557,979.3,4.0
road_segment,558,551.5,0.0
road_segment,559,318.5,0.0
road_segment,560,2505.6,4.0
road_segment,561,751.5,3.0
road_segment,562,104.4,0.0
road_segment,563,1151.5,3.0
road_segment,564,1100.0,5.0
road_segment,565,1409.4,0.0
road_segment,566,679.0,2.0
road_segment,567,1171.8,41.0
road_segment,568,422.4,0.0
road_segment,569,550.2,2.0
road_segment,570,369.8,0.0
road_segment,571,1233.5,0.0
road_segment,572,1702.2,0.0
road_segment,573,921.4,0.0
road_segment,574,3014.3,39.0
road_segment,575,143.3,0.0
road_segment,576,180.3,1.0
road_segment,577,529.3,6.0
road_segment,578,785.1,1.0
road_segment,579,669.4,4.0
road_segment,580,448.3,0.0
road_segment,581,422.2,3.0
road_segment,582,1049.2,5.0
road_segment,583,599.7,2.0
road_segment,584,77.5,0.0
road_segment,585,803.3,0.0
road_segment,586,217.5,10.0
road_segment,587,504.9,3.0
road_segment,588,1871.9,3.0
road_segment,589,476.5,3.0
road_segment,590,116.0,2.0
road_segment,591,332.3,0.0
road_segment,592,569.8,3.0
road_segment,593,289.4,3.0
road_segment,594,59.0,0.0
road_segment,595,2488.8,23.0
road_segment,596,280.0,5.0
road_segment,597,318.5,6.0
road_segment,598,652.0,6.0
road_segment,599,469.8,0.0
road_segment,600,846.5,10.0
road_segment,601,954.4,0.0
road_segment,602,1600.5,0.0
road_segment,603,321.3,1.0
road_segment,604,437.9,1.0
road_segment,605,682.0,4.0
road_segment,606,736.7,0.0
road_segment,607,4921.9,0.0
road_segment,608,277.6,0.0
road_segment,609,275.3,5.0
road_segment,610,464.2,0.0
road_segment,611,1404.1,1.0
road_segment,612,327.7,2.0
road_segment,613,56.5,0.0
road_segment,614,3314.7,0.0
road_segment,615,530.9,0.0
road_segment,616,552.7,0.0
road_segment,617,1189.4,4.0
road_segment,618,1280.1,3.0
road_segment,619,1277.8,0.0
road_segment,620,3174.9,10.0
road_segment,621,3493.4,0.0
road_segment,622,398.3,5.0
road_segment,623,812.7,4.0
road_segment,624,3160.4,0.0
road_segment,625,253.5,0.0
road_segment,626,2629.8,0.0
road_segment,627,762.4,0.0
road_segment,628,169.3,0.0
road_segment,629,1373.7,6.0
road_segment,630,821.9,1.0
road_segment,631,794.5,11.0
road_segment,632,219.8,7.0
road_segment,633,1571.4,0.0
road_segment,634,976.5,0.0
road_segment,635,1471.3,3.0
road_segment,636,284.7,1.0
road_segment,637,263.1,5.0
road_segment,638,56.4,0.0
road_segment,639,595.8,3.0
road_segment,640,135.9,1.0
road_segment,641,374.9,0.0
road_segment,642,4162.6,0.0
road_segment,643,2531.3,7.0
road_segment,644,1812.0,12.0
road_segment,645,242.7,8.0
road_segment,646,134.7,1.0
road_segment,647,317.3,0.0
road_segment,648,870.9,5.0
road_segment,649,1592.0,10.0
road_segment,650,535.0,9.0
road_segment,651,1252.1,2.0
road_segment,652,163.2,6.0
road_segment,653,689.2,2.0
road_segment,654,1000.4,2.0
road_segment,655,356.5,0.0
road_segment,656,826.9,19.0
road_segment,657,1236.4,0.0
road_segment,658,524.0,10.0
road_segment,659,410.4,42.0
road_segment,660,163.6,1.0
road_segment,661,118.3,1.0
road_segment,662,139.1,7.0
road_segment,663,213.0,0.0
road_segment,664,2854.2,17.0
road_segment,665,2530.6,9.0
road_segment,666,414.5,4.0
road_segment,667,111.0,3.0
road_segment,668,166.4,2.0
road_segment,669,126.3,1.0
road_segment,670,258.7,0.0
road_segment,671,2757.3,5.0
road_segment,672,674.6,2.0
road_segment,673,1601.9,29.0
road_segment,674,681.2,1.0
road_segment,675,4486.3,9.0
road_segment,676,2411.4,3.0
road_segment,677,919.0,0.0
road_segment,678,1456.1,7.0
road_segment,679,550.0,3.0
road_segment,680,2945.5,49.0
road_segment,681,568.7,6.0
road_segment,682,565.2,0.0
road_segment,683,139.8,7.0
road_segment,684,3382.1,3.0
road_segment,685,2205.6,0.0
road_segment,686,4712.8,18.0
road_segment,687,363.3,8.0
road_segment,688,961.3,0.0
road_segment,689,207.6,3.0
road_segment,690,1212.8,6.0
road_segment,691,1158.7,0.0
road_segment,692,3601.6,9.0
road_segment,693,641.0,0.0
road_segment,694,2181.4,4.0
road_segment,695,278.5,6.0
road_segment,696,586.9,4.0
road_segment,697,2406.1,8.0
road_segment,698,2498.1,0.0
road_segment,699,1337.1,5.0
road_segment,700,350.9,3.0
road_segment,701,685.3,11.0
road_segment,702,1144.4,4.0
road_segment,703,670.4,103.0
road_segment,704,266.9,0.0
road_segment,705,96.0,0.0
road_segment,706,452.4,5.0
road_segment,707,941.5,113.0
road_segment,708,254.6,0.0
road_segment,709,904.5,13.0
road_segment,710,3162.3,11.0
road_segment,711,494.0,13.0
road_segment,712,665.4,3.0
road_segment,713,1491.0,18.0
road_segment,714,4989.2,0.0
road_segment,715,2167.4,0.0
road_segment,716,4032.5,10.0
road_segment,717,814.8,7.0
road_segment,718,266.9,6.0
road_segment,719,721.1,4.0
road_segment,720,112.5,4.0
road_segment,721,1767.8,4.0
road_segment,722,2202.9,1.0
road_segment,723,246.0,0.0
road_segment,724,1236.6,3.0
road_segment,725,988.4,5.0
road_segment,726,224.6,9.0
road_segment,727,2121.5,0.0
road_segment,728,699.3,7.0
road_segment,729,547.2,5.0
road_segment,730,335.9,0.0
road_segment,731,2768.0,2.0
road_segment,732,780.0,0.0
road_segment,733,421.1,3.0
road_segment,734,240.3,0.0
road_segment,735,413.1,0.0
road_segment,736,1734.2,5.0
road_segment,737,756.9,1.0
road_segment,738,116.4,4.0
road_segment,739,955.3,0.0
road_segment,740,205.5,1.0
road_segment,741,940.0,0.0
road_segment,742,596.5,5.0
road_segment,743,1261.4,0.0
road_segment,744,118.5,0.0
road_segment,745,761.6,0.0
road_segment,746,2712.8,7.0
road_segment,747,1190.5,0.0
road_segment,748,1326.5,0.0
road_segment,749,1992.1,8.0
road_segment,750,1109.9,2.0
road_segment,751,2389.6,8.0
road_segment,752,3381.4,17.0
road_segment,753,1217.0,6.0
road_segment,754,1891.1,0.0
road_segment,755,1179.9,0.0
road_segment,756,219.7,0.0
road_segment,757,780.4,35.0
road_segment,758,1630.7,4.0
road_segment,759,361.9,26.0
road_segment,760,1267.7,6.0
road_segment,761,171.1,2.0
road_segment,762,492.5,6.0
road_segment,763,481.2,1.0
road_segment,764,1516.5,7.0
road_segment,765,1543.5,3.0
road_segment,766,2276.6,0.0
road_segment,767,608.9,0.0
road_segment,768,660.3,3.0
road_segment,769,111.7,0.0
road_segment,770,1449.5,0.0
road_segment,771,4191.6,0.0
road_segment,772,270.0,5.0
road_segment,773,979.5,0.0
road_segment,774,498.5,0.0
road_segment,775,593.9,11.0
road_segment,776,183.4,0.0
road_segment,777,84.1,0.0
road_segment,778,1343.5,0.0
road_segment,779,777.8,4.0
road_segment,780,3691.9,6.0
road_segment,781,1092.1,4.0
road_segment,782,124.7,1.0
road_segment,783,1093.0,8.0
road_segment,784,2235.8,11.0
road_segment,785,916.6,0.0
road_segment,786,2792.6,16.0
road_segment,787,98.6,2.0
road_segment,788,1162.9,4.0
road_segment,789,640.8,3.0
road_segment,790,418.6,2.0
road_segment,791,281.3,5.0
road_segment,792,181.2,0.0
road_segment,793,876.9,3.0
road_segment,794,720.9,1.0
road_segment,795,2344.0,8.0
road_segment,796,625.2,3.0
road_segment,797,800.1,6.0
road_segment,798,830.5,3.0
road_segment,799,979.4,12.0
road_segment,800,353.9,3.0
road_segment,801,189.5,1.0
road_segment,802,1549.8,0.0
road_segment,803,280.2,0.0
road_segment,804,832.0,0.0
road_segment,805,1831.5,0.0
road_segment,806,1003.2,8.0
road_segment,807,555.2,2.0
road_segment,808,1055.5,16.0
road_segment,809,283.3,4.0
road_segment,810,1040.2,1.0
road_segment,811,2224.2,0.0
road_segment,812,3483.3,0.0
road_segment,813,241.2,1.0
road_segment,814,2259.0,0.0
road_segment,815,505.4,5.0
road_segment,816,2597.3,5.0
road_segment,817,709.9,0.0
road_segment,818,834.2,0.0
road_segment,819,587.5,6.0
road_segment,820,1335.6,4.0
road_segment,821,2106.5,16.0
road_segment,822,350.0,5.0
road_segment,823,854.7,0.0
road_segment,824,94.8,0.0
road_segment,825,5106.2,20.0
road_segment,826,121.1,1.0
road_segment,827,114.4,0.0
road_segment,828,741.5,0.0
road_segment,829,875.5,12.0
road_segment,830,215.0,2.0
road_segment,831,728.1,2.0
road_segment,832,163.7,0.0
road_segment,833,2265.2,3.0
road_segment,834,1114.3,14.0
road_segment,835,184.1,6.0
road_segment,836,1198.8,3.0
road_segment,837,2283.4,0.0
road_segment,838,350.5,0.0
road_segment,839,1033.8,7.0
road_segment,840,730.3,0.0
road_segment,841,776.6,0.0
road_segment,842,2376.3,44.0
road_segment,843,496.8,0.0
road_segment,844,18.6,0.0
road_segment,845,814.2,0.0
road_segment,846,1311.3,0.0
road_segment,847,1040.9,1.0
road_segment,848,169.1,0.0
road_segment,849,1508.9,0.0
road_segment,850,836.0,5.0
road_segment,851,1127.2,5.0
road_segment,852,169.4,0.0
road_segment,853,1410.0,0.0
road_segment,854,516.4,2.0
road_segment,855,978.0,5.0
road_segment,856,975.7,0.0
road_segment,857,1379.7,6.0
road_segment,858,821.4,8.0
road_segment,859,134.4,1.0
road_segment,860,107.6,2.0
road_segment,861,305.1,0.0
road_segment,862,1494.3,3.0
road_segment,863,718.6,2.0
road_segment,864,3371.0,14.0
road_segment,865,760.1,0.0
road_segment,866,103.8,0.0
road_segment,867,414.4,34.0
road_segment,868,425.8,3.0
road_segment,869,127.3,47.0
road_segment,870,1332.6,2.0
road_segment,871,146.9,1.0
road_segment,872,219.2,7.0
road_segment,873,2801.0,12.0
road_segment,874,1579.6,0.0
road_segment,875,1883.2,9.0
road_segment,876,732.9,2.0
road_segment,877,863.3,2.0
road_segment,878,670.7,7.0
road_segment,879,713.7,19.0
road_segment,880,2117.5,9.0
road_segment,881,2552.6,15.0
road_segment,882,1169.1,0.0
road_segment,883,527.2,7.0
road_segment,884,114.6,2.0
road_segment,885,410.1,11.0
road_segment,886,528.8,18.0
road_segment,887,176.9,0.0
road_segment,888,200.7,1.0
road_segment,889,1500.4,18.0
road_segment,890,627.3,18.0
road_segment,891,1235.9,3.0
road_segment,892,308.4,1.0
road_segment,893,838.1,0.0
road_segment,894,1880.1,3.0
road_segment,895,656.7,0.0
road_segment,896,1973.2,3.0
road_segment,897,794.9,24.0
road_segment,898,1945.1,4.0
road_segment,899,96.9,0.0
road_segment,900,1769.6,12.0
road_segment,901,111.0,0.0
road_segment,902,1151.9,1.0
road_segment,903,1511.7,3.0
road_segment,904,367.0,7.0
road_segment,905,1107.6,6.0
road_segment,906,1031.9,16.0
road_segment,907,1550.5,12.0
road_segment,908,1163.6,0.0
road_segment,909,2615.8,5.0
road_segment,910,163.4,2.0
road_segment,911,907.4,0.0
road_segment,912,1106.9,4.0
road_segment,913,572.7,11.0
road_segment,914,6.4,0.0
road_segment,915,79.3,0.0
road_segment,916,2446.7,13.0
road_segment,917,2056.4,0.0
road_segment,918,847.2,5.0
road_segment,919,1907.1,2.0
road_segment,920,657.1,0.0
road_segment,921,684.0,0.0
road_segment,922,173.9,4.0
road_segment,923,1087.8,4.0
road_segment,924,1120.2,3.0
road_segment,925,431.2,7.0
road_segment,926,1578.2,30.0
road_segment,927,179.2,0.0
road_segment,928,2158.5,0.0
road_segment,929,365.3,10.0
road_segment,930,35.9,0.0
road_segment,931,490.3,0.0
road_segment,932,140.0,0.0
road_segment,933,105.8,0.0
road_segment,934,656.1,4.0
road_segment,935,738.3,14.0
road_segment,936,134.0,0.0
road_segment,937,1142.4,9.0
road_segment,938,480.6,1.0
road_segment,939,1269.4,0.0
road_segment,940,1316.6,0.0
road_segment,941,1643.8,0.0
road_segment,942,260.7,0.0
road_segment,943,813.3,9.0
road_segment,944,906.1,2.0
road_segment,945,1681.9,11.0
road_segment,946,1961.4,6.0
road_segment,947,392.6,3.0
road_segment,948,2693.9,15.0
road_segment,949,2059.9,20.0
road_segment,950,4615.4,29.0
road_segment,951,1819.3,3.0
road_segment,952,3821.9,66.0
road_segment,953,131.1,0.0
road_segment,954,1022.1,3.0
road_segment,955,89.5,0.0
road_segment,956,122.2,0.0
road_segment,957,605.2,1.0
road_segment,958,1739.2,0.0
road_segment,959,3166.3,3.0
road_segment,960,1242.5,5.0
road_segment,961,1664.4,8.0
road_segment,962,2301.0,4.0
road_segment,963,1062.9,0.0
road_segment,964,2125.3,0.0
road_segment,965,1478.2,285.0
road_segment,966,188.5,0.0
road_segment,967,192.9,2.0
road_segment,968,321.8,7.0
road_segment,969,1906.0,6.0
road_segment,970,2624.4,8.0
road_segment,971,2146.3,0.0
road_segment,972,81.7,0.0
road_segment,973,77.9,0.0
road_segment,974,3107.2,0.0
road_segment,975,748.0,4.0
road_segment,976,2203.0,28.0
road_segment,977,1605.7,9.0
road_segment,978,1157.0,7.0
road_segment,979,1389.4,3.0
road_segment,980,440.0,12.0
road_segment,981,2217.1,5.0
road_segment,982,144.3,0.0
road_segment,983,134.6,6.0
road_segment,984,2425.2,13.0
road_segment,985,1965.7,8.0
road_segment,986,133.9,10.0
road_segment,987,2670.9,14.0
road_segment,988,1529.6,9.0
road_segment,989,679.8,6.0
road_segment,990,648.0,10.0
road_segment,991,1378.3,2.0
road_segment,992,974.4,3.0
road_segment,993,1019.6,25.0
road_segment,994,158.3,4.0
road_segment,995,865.0,5.0
road_segment,996,2923.1,8.0
road_segment,997,202.4,3.0
road_segment,998,1218.7,8.0
road_segment,999,1617.6,9.0
road_segment,1000,141.3,1.0
road_segment,1001,704.7,2.0
road_segment,1002,299.4,6.0
road_segment,1003,2905.7,5.0
road_segment,1004,2243.9,0.0
road_segment,1005,133.4,0.0
road_segment,1006,642.3,4.0
road_segment,1007,1367.4,0.0
road_segment,1008,2590.6,16.0
road_segment,1009,1779.4,16.0
road_segment,1010,776.5,0.0
road_segment,1011,2217.2,11.0
road_segment,1012,2832.3,0.0
road_segment,1013,841.4,3.0
road_segment,1014,1066.4,2.0
road_segment,1015,859.0,4.0
road_segment,1016,1328.0,0.0
road_segment,1017,606.1,34.0
road_segment,1018,890.5,13.0
road_segment,1019,2550.2,36.0
road_segment,1020,1551.5,0.0
road_segment,1021,649.6,7.0
road_segment,1022,2971.5,4.0
road_segment,1023,3026.6,12.0
road_segment,1024,116.2,1.0
road_segment,1025,3044.5,0.0
road_segment,1026,95.7,0.0
road_segment,1027,116.1,0.0
road_segment,1028,319.9,7.0
road_segment,1029,2180.3,5.0
road_segment,1030,587.8,0.0
road_segment,1031,1475.5,0.0
road_segment,1032,2102.6,0.0
road_segment,1033,189.3,3.0
road_segment,1034,3128.3,13.0
road_segment,1035,3474.2,9.0
road_segment,1036,1057.6,16.0
road_segment,1037,81.5,0.0
road_segment,1038,2371.4,3.0
road_segment,1039,1929.5,8.0
road_segment,1040,748.2,67.0
road_segment,1041,222.6,0.0
road_segment,1042,745.4,7.0
road_segment,1043,934.5,0.0
road_segment,1044,1210.9,0.0
road_segment,1045,1037.3,9.0
road_segment,1046,1677.4,13.0
road_segment,1047,109.6,0.0
road_segment,1048,773.7,2.0
road_segment,1049,645.1,4.0
road_segment,1050,424.9,5.0
road_segment,1051,156.9,2.0
road_segment,1052,657.9,12.0
road_segment,1053,877.2,6.0
road_segment,1054,557.3,5.0
road_segment,1055,3180.7,4.0
road_segment,1056,829.1,2.0
road_segment,1057,468.0,5.0
road_segment,1058,31.6,0.0
road_segment,1059,1198.6,2.0
road_segment,1060,2675.6,0.0
road_segment,1061,3713.5,2.0
road_segment,1062,564.2,5.0
road_segment,1063,160.4,0.0
road_segment,1064,2453.9,6.0
road_segment,1065,331.4,1.0
road_segment,1066,2722.5,6.0
road_segment,1067,2284.2,3.0
road_segment,1068,44.2,0.0
road_segment,1069,473.3,0.0
road_segment,1070,676.6,3.0
road_segment,1071,998.0,5.0
road_segment,1072,552.8,0.0
road_segment,1073,206.1,1.0
road_segment,1074,765.8,4.0
road_segment,1075,869.8,58.0
road_segment,1076,819.2,4.0
road_segment,1077,2196.4,7.0
road_segment,1078,1130.3,5.0
road_segment,1079,596.8,6.0
road_segment,1080,3085.2,0.0
road_segment,1081,109.9,0.0
road_segment,1082,78.0,0.0
road_segment,1083,2086.5,0.0
road_segment,1084,1521.8,2.0
road_segment,1085,812.3,43.0
road_segment,1086,2175.7,23.0
road_segment,1087,3054.6,0.0
road_segment,1088,1282.3,11.0
road_segment,1089,955.2,2.0
road_segment,1090,359.3,9.0
road_segment,1091,212.0,0.0
road_segment,1092,120.3,0.0
road_segment,1093,912.5,0.0
road_segment,1094,2494.3,9.0
road_segment,1095,877.4,0.0
road_segment,1096,1089.3,0.0
road_segment,1097,455.6,6.0
road_segment,1098,2577.7,1.0
road_segment,1099,2381.1,11.0
road_segment,1100,435.6,0.0
road_segment,1101,1506.1,1.0
road_segment,1102,3227.8,24.0
road_segment,1103,2041.4,0.0
road_segment,1104,2031.3,11.0
road_segment,1105,423.5,0.0
road_segment,1106,161.8,0.0
road_segment,1107,856.9,2.0
road_segment,1108,679.8,0.0
road_segment,1109,3776.6,18.0
road_segment,1110,1273.4,2.0
road_segment,1111,408.9,10.0
road_segment,1112,1256.4,2.0
road_segment,1113,300.7,5.0
road_segment,1114,1391.8,8.0
road_segment,1115,1356.6,1.0
road_segment,1116,573.8,132.0
road_segment,1117,68.0,0.0
road_segment,1118,650.5,5.0
road_segment,1119,426.8,50.0
road_segment,1120,1347.7,1.0
road_segment,1121,806.1,7.0
road_segment,1122,1540.4,2.0
road_segment,1123,2916.3,3.0
road_segment,1124,65.0,0.0
road_segment,1125,741.9,8.0
road_segment,1126,1811.7,10.0
road_segment,1127,132.5,1.0
road_segment,1128,3604.2,19.0
road_segment,1129,398.8,1.0
road_segment,1130,1919.8,2.0
road_segment,1131,1727.6,6.0
road_segment,1132,1735.0,8.0
road_segment,1133,3811.8,6.0
road_segment,1134,3670.2,19.0
road_segment,1135,2919.8,4.0
facility,959182,2549.9,1.0
facility,900036,1450.6,3.0
facility,958131,2178.6,15.0
facility,900308,1063.3,1.0
facility,965419,617.6,6.0
facility,876158,935.6,3.0
facility,937941,1341.3,7.0
facility,929579,391.8,9.0
facility,912333,1035.0,0.0
facility,888197,963.0,3.0
facility,959180,332.0,7.0
facility,888127,2064.1,0.0
facility,966003,222.9,1.0
facility,888123,1831.7,26.0
facility,888174,1342.3,7.0
facility,964438,432.1,0.0
facility,965433,435.9,2.0
facility,879304,397.7,6.0
facility,885520,287.0,2.0
facility,888162,1814.4,0.0
facility,958628,3262.3,5.0
facility,907956,131.2,0.0
facility,938065,991.8,63.0
facility,885528,282.6,0.0
facility,923468,2254.0,51.0
facility,876161,594.3,1.0
facility,963180,715.0,4.0
facility,901325,425.3,0.0
facility,959185,3826.3,0.0
facility,917873,1591.0,3.0
facility,958136,889.9,16.0
facility,877541,1342.8,15.0
facility,900003,381.9,0.0
facility,929411,360.6,3.0
facility,900031,2687.7,6.0
facility,887699,687.8,0.0
facility,959998,1149.3,36.0
facility,957697,1288.5,6.0
facility,960223,1616.8,6.0
facility,963164,3543.5,60.0
facility,903867,1985.4,1.0
facility,938078,680.9,31.0
facility,888185,1855.6,7.0
facility,877557,1568.1,0.0
facility,956152,1537.7,4.0
facility,877536,309.7,14.0
facility,950638,1076.3,0.0
facility,960725,123.7,0.0
facility,927494,3061.4,1.0
facility,963176,604.1,19.0
facility,963183,915.1,25.0
facility,923657,268.3,7.0
facility,937940,1850.8,7.0
facility,877522,1520.4,7.0
facility,900007,4237.0,0.0
facility,966483,1518.0,7.0
facility,908132,2191.2,4.0
facility,888112,2005.1,0.0
facility,914520,438.8,4.0
facility,900084,484.2,2.0
facility,879303,191.8,3.0
facility,890796,367.0,3.0
facility,870357,94.0,2.0
facility,956137,1388.3,35.0
facility,900326,554.4,0.0
facility,956218,769.2,6.0
facility,888115,2168.9,0.0
facility,899998,192.9,0.0
facility,956263,320.2,2.0
facility,963165,1923.4,13.0
facility,900239,139.8,0.0
facility,861636,2094.3,5.0
facility,870360,1308.1,3.0
facility,888144,1817.2,27.0
facility,888178,502.4,16.0
facility,963173,138.9,0.0
facility,963171,1788.1,28.0
facility,876167,622.9,5.0
facility,901803,482.4,11.0
facility,900009,2432.5,1.0
facility,885687,1105.1,14.0
facility,964431,1006.2,7.0
facility,962177,1565.4,0.0
facility,900323,983.4,0.0
facility,946234,608.1,11.0
facility,963168,1905.5,56.0
facility,902085,554.3,4.0
