scenario,severity,flood_height_m,flood_distance_m,segments_cut,share_road_length_cut,facilities_out
mild_00,mild,0.66,213,114,0.1077,2
mild_01,mild,0.98,216,114,0.1077,1
mild_02,mild,0.92,99,43,0.0363,0
mild_03,mild,0.99,109,50,0.0455,0
mild_04,mild,0.97,166,91,0.0839,2
mild_05,mild,1.01,220,143,0.1238,1
mild_06,mild,1.57,96,42,0.0353,0
mild_07,mild,0.86,189,102,0.096,1
mild_08,mild,0.71,173,96,0.0876,2
mild_09,mild,0.62,160,86,0.081,2
mild_10,mild,1.11,92,39,0.0328,0
mild_11,mild,1.09,224,147,0.1282,4
mild_12,mild,1.33,144,94,0.0786,3
mild_13,mild,0.64,102,46,0.0375,0
mild_14,mild,0.95,161,88,0.0824,0
mild_15,mild,1.26,168,110,0.0954,3
mild_16,mild,1.44,148,96,0.0798,1
mild_17,mild,0.75,132,68,0.0622,0
mild_18,mild,1.34,97,43,0.0358,0
mild_19,mild,1.08,205,134,0.1163,3
moderate_00,moderate,3.56,489,262,0.2329,11
moderate_01,moderate,2.17,698,295,0.2542,12
moderate_02,moderate,2.1,623,279,0.2423,9
moderate_03,moderate,3.12,334,216,0.2047,5
moderate_04,moderate,2.5,958,368,0.306,11
moderate_05,moderate,2.4,352,214,0.1984,4
moderate_06,moderate,3.16,390,232,0.2142,9
moderate_07,moderate,3.4,861,382,0.3226,12
moderate_08,moderate,2.09,730,303,0.2624,3
moderate_09,moderate,1.89,381,197,0.1779,3
moderate_10,moderate,2.95,448,234,0.2118,7
moderate_11,moderate,3.29,579,294,0.2559,11
moderate_12,moderate,2.33,442,234,0.2118,6
moderate_13,moderate,2.55,808,328,0.2804,10
moderate_14,moderate,2.71,509,250,0.2216,8
moderate_15,moderate,3.45,988,421,0.3474,13
moderate_16,moderate,2.5,743,307,0.2681,7
moderate_17,moderate,3.01,422,239,0.2184,6
moderate_18,moderate,2.52,627,280,0.2439,10
moderate_19,moderate,2.21,397,223,0.2052,5
severe_00,severe,3.62,1678,533,0.4416,16
severe_01,severe,5.31,900,441,0.3764,11
severe_02,severe,3.59,1169,452,0.3739,14
severe_03,severe,3.17,1938,548,0.4598,11
severe_04,severe,3.08,1328,486,0.3939,13
severe_05,severe,6.46,2363,741,0.626,25
severe_06,severe,3.91,1314,483,0.3926,17
severe_07,severe,4.95,1175,492,0.4006,17
severe_08,severe,5.44,1448,586,0.4804,18
severe_09,severe,4.78,1761,587,0.4814,20
severe_10,severe,4.26,1138,480,0.3906,15
severe_11,severe,4.55,1426,547,0.441,15
severe_12,severe,2.94,1645,468,0.39,13
severe_13,severe,3.33,2056,557,0.4685,21
severe_14,severe,3.68,1717,536,0.4443,16
severe_15,severe,4.42,1240,511,0.4148,19
severe_16,severe,5.08,1481,591,0.4836,18
severe_17,severe,4.83,1483,553,0.4447,15
severe_18,severe,4.37,1357,538,0.4334,14
severe_19,severe,4.18,1378,540,0.4377,17
