scenario,severity,population,pop_cut_off,share_cut_off,pop_delayed,villages_cut_off,pop_unconnected_baseline,mean_time_before_min,mean_time_after_min,facilities_out,median_time_before_min,p90_time_before_min,median_time_after_min,p90_time_after_min,depot_reach_share,depot_isolated,config
mild_00,mild,1622303,81818,0.050433242125546215,96972,80,14405,11.930577829526754,13.616586960657928,2,9.955947217681333,23.694369808155248,11.208134200306061,26.91165339656442,0.9176470588235294,False,single depot (Silchar centre)
mild_01,mild,1622303,81818,0.050433242125546215,96972,80,14405,11.930577829526754,13.57379974609785,1,9.955947217681333,23.694369808155248,11.163893600615957,26.91165339656442,0.9186046511627907,False,single depot (Silchar centre)
mild_02,mild,1622303,20777,0.012807102002523572,21277,23,14405,12.012370469357842,12.459324047516718,0,9.97589097888353,24.099958813529618,10.238586193427349,24.99927648285221,1.0,False,single depot (Silchar centre)
mild_03,mild,1622303,31169,0.0192128104306039,31669,33,14405,12.028070258098158,12.621140112015686,0,10.002151923987112,24.173796451410237,10.238586193427349,25.911967333084586,1.0,False,single depot (Silchar centre)
mild_04,mild,1622303,55545,0.034238363610250365,61890,60,14405,11.887185777306707,13.100116888449316,2,9.939161962023164,23.66281760151339,10.694441910584173,26.56480985497737,0.9764705882352941,False,single depot (Silchar centre)
mild_05,mild,1622303,93301,0.057511451313348984,108455,94,14405,11.944601369280504,13.842189000225064,1,9.983854082119331,23.750476356997694,11.731103059092293,26.982381042490555,0.8953488372093024,False,single depot (Silchar centre)
mild_06,mild,1622303,18886,0.011641475112848833,19386,22,14405,12.011813383243352,12.474101175860456,0,9.983854082119331,24.099958813529618,10.238586193427349,24.99927648285221,0.9885057471264368,False,single depot (Silchar centre)
mild_07,mild,1622303,60481,0.037280951832056035,66826,65,14405,11.912898718283166,13.288215037261985,1,9.97589097888353,23.66281760151339,11.144224598195684,26.88399233828801,0.9651162790697675,False,single depot (Silchar centre)
mild_08,mild,1622303,55545,0.034238363610250365,61890,60,14405,11.887185777306707,13.100116888449316,2,9.939161962023164,23.66281760151339,10.694441910584173,26.56480985497737,0.9764705882352941,False,single depot (Silchar centre)
mild_09,mild,1622303,52492,0.03235647101681992,58837,57,14405,11.911356785416897,13.169526869339649,2,9.955947217681333,23.66281760151339,10.836033654028483,26.91165339656442,0.9764705882352941,False,single depot (Silchar centre)
mild_10,mild,1622303,16826,0.01037167532822167,17326,21,14405,12.011695228505788,12.473384485762589,0,10.002151923987112,23.953517408979987,10.238586193427349,24.972724539412454,0.9885057471264368,False,single depot (Silchar centre)
mild_11,mild,1622303,101594,0.06262332005796697,116748,99,14405,11.943596321006327,14.777128238974111,4,9.97589097888353,23.750476356997694,12.256122374432236,29.05946265514965,0.9036144578313253,False,single depot (Silchar centre)
mild_12,mild,1622303,48042,0.02961345691896027,55005,57,14405,11.98358448850206,13.319079815543232,3,9.983854082119331,23.953517408979987,11.163893600615957,26.88399233828801,0.9880952380952381,False,single depot (Silchar centre)
mild_13,mild,1622303,21863,0.013476520723933814,22363,24,14405,12.014013113137073,12.461272732200392,0,9.983854082119331,24.099958813529618,10.238586193427349,24.99927648285221,1.0,False,single depot (Silchar centre)
mild_14,mild,1622303,54178,0.03339573433569438,60523,59,14405,11.891131900602907,13.04045372852133,0,9.939161962023164,23.66281760151339,10.341640470976104,26.56480985497737,0.9655172413793104,False,single depot (Silchar centre)
mild_15,mild,1622303,65347,0.040280391517490875,71692,72,14405,11.895263751615687,13.151538005491583,3,9.939161962023164,23.66281760151339,10.9332194714913,26.88399233828801,0.9642857142857143,False,single depot (Silchar centre)
mild_16,mild,1622303,50370,0.03104845395712145,57333,58,14405,11.987199737977514,13.187999893119006,1,10.002151923987112,24.099958813529618,10.819460665002184,26.88399233828801,0.9883720930232558,False,single depot (Silchar centre)
mild_17,mild,1622303,35031,0.02159337682294861,41994,38,14405,12.01562754656597,13.143772641528738,0,10.002151923987112,24.099958813529618,10.341640470976104,26.664785885721905,1.0,False,single depot (Silchar centre)
mild_18,mild,1622303,18886,0.011641475112848833,19386,22,14405,12.011813383243352,12.474101175860456,0,9.983854082119331,24.099958813529618,10.238586193427349,24.99927648285221,0.9885057471264368,False,single depot (Silchar centre)
mild_19,mild,1622303,82661,0.05095287378498345,97815,86,14405,11.904204054192201,13.915929926668078,3,9.939161962023164,23.694369808155248,11.9950171055224,27.040716708185855,0.9047619047619048,False,single depot (Silchar centre)
moderate_00,moderate,1622303,342052,0.21084347375305354,354387,279,14405,11.632184162761842,14.809495909884445,11,9.798627741997688,23.098454162650995,12.256122374432236,29.700279068629914,0.34210526315789475,True,single depot (Silchar centre)
moderate_01,moderate,1622303,373212,0.23005073651469546,383050,298,14405,11.644891327637271,15.659080928191287,12,9.724380523800159,23.2966079227986,12.68476699573079,31.351738134385513,0.32,True,single depot (Silchar centre)
moderate_02,moderate,1622303,361646,0.22292136549091016,371842,285,14405,11.653502631369978,15.642368017842987,9,9.724489918672846,23.26753047519307,12.841688116052985,31.615035809291207,0.3333333333333333,True,single depot (Silchar centre)
moderate_03,moderate,1622303,276443,0.17040158342800327,286469,224,14405,11.492144011207975,14.03624145494499,5,9.606693978580765,22.697919145291447,12.176218205750127,26.975601534749423,0.4146341463414634,True,single depot (Silchar centre)
moderate_04,moderate,1622303,459857,0.2834593784268413,472806,383,14405,11.643439401757295,16.202400364538637,11,9.612118870618962,23.66281760151339,12.624214041533392,32.58731902710884,0.32894736842105265,True,single depot (Silchar centre)
moderate_05,moderate,1622303,271763,0.16751679556778235,281431,221,14405,11.53256001101899,13.841663956732031,4,9.652268092485022,22.819518277205688,11.759945001610713,26.88399233828801,0.40963855421686746,True,single depot (Silchar centre)
moderate_06,moderate,1622303,315037,0.19419122075222692,324270,255,14405,11.596227719448823,14.667902240345832,9,9.724489918672846,22.890644483358347,12.256122374432236,29.05946265514965,0.34615384615384615,True,single depot (Silchar centre)
moderate_07,moderate,1622303,545273,0.336110455321848,550623,443,14405,11.682140075255743,14.533281838785953,12,9.705750332867925,23.66281760151339,12.033740213569168,30.517007087561325,0.28,True,single depot (Silchar centre)
moderate_08,moderate,1622303,368456,0.22711910167212906,377689,293,14405,11.615235048292949,14.069736840666742,3,9.705750332867925,23.2966079227986,12.032497602120515,27.90018219089715,0.2976190476190476,True,single depot (Silchar centre)
moderate_09,moderate,1622303,229031,0.14117646333638045,246218,178,14405,11.729988731959814,15.084106138008888,3,9.889477529202587,23.098454162650995,12.515096655573421,29.247194137630288,0.8214285714285714,False,single depot (Silchar centre)
moderate_10,moderate,1622303,309549,0.19080837550075416,319387,247,14405,11.630180121194124,15.455611705363337,7,9.798627741997688,23.098454162650995,12.853108891161964,30.517007087561325,0.325,True,single depot (Silchar centre)
moderate_11,moderate,1622303,384211,0.2368306043938771,393444,308,14405,11.653392723378605,15.848000626567599,11,9.791193001899904,23.2966079227986,13.188404452399244,31.470973502213223,0.32894736842105265,True,single depot (Silchar centre)
moderate_12,moderate,1622303,312166,0.19242151435336063,322362,249,14405,11.64362817340404,14.45864920531768,6,9.798627741997688,23.098454162650995,12.172301134413356,29.247194137630288,0.32098765432098764,True,single depot (Silchar centre)
moderate_13,moderate,1622303,433673,0.2673193601935027,442906,340,14405,11.671843528038721,15.687332619876543,10,9.705750332867925,23.625664012693605,12.624214041533392,32.072428667584205,0.3116883116883117,True,single depot (Silchar centre)
moderate_14,moderate,1622303,327959,0.2021564405662814,339936,262,14405,11.654073080357099,15.681836290060774,8,9.831839675788526,23.098454162650995,12.951637728258326,31.324870540685435,0.31645569620253167,True,single depot (Silchar centre)
moderate_15,moderate,1622303,563428,0.34730133643345296,572494,458,14405,11.667732622333476,16.13153981025698,13,9.705750332867925,23.66281760151339,12.556607837717516,32.58731902710884,0.28378378378378377,True,single depot (Silchar centre)
moderate_16,moderate,1622303,411540,0.25367640940070996,420773,327,14405,11.59711332463476,15.560414242460208,7,9.606693978580765,23.39588792499128,12.515096655573421,31.324870540685435,0.325,True,single depot (Silchar centre)
moderate_17,moderate,1622303,316521,0.19510596972328845,326359,258,14405,11.602474864487299,14.450709516542561,6,9.791193001899904,23.047428718962816,12.256122374432236,28.84486671564073,0.345679012345679,True,single depot (Silchar centre)
moderate_18,moderate,1622303,366201,0.22572910239332603,376397,288,14405,11.655308534408132,14.736160814894843,10,9.724489918672846,23.2966079227986,12.256122374432236,29.247194137630288,0.3116883116883117,True,single depot (Silchar centre)
moderate_19,moderate,1622303,305088,0.1880585809186077,314321,244,14405,11.636377184000413,14.389159709158431,5,9.831839675788526,22.981445521794498,12.208318240591222,28.42798078478932,0.34146341463414637,True,single depot (Silchar centre)
severe_00,severe,1622303,799772,0.4929855890052598,804594,631,14405,11.032938710257326,13.8333832711339,16,8.995565447056796,23.39588792499128,12.017849188716786,29.247194137630288,0.0,True,single depot (Silchar centre)
severe_01,severe,1622303,667387,0.4113824606130914,680781,545,14405,11.215937732586621,15.239438157432344,11,9.37861274753213,23.413027785941832,12.256122374432236,31.358774303155975,0.2894736842105263,True,single depot (Silchar centre)
severe_02,severe,1622303,598459,0.36889471325640155,605682,484,14405,11.8076843998556,16.172647026167912,14,10.065698387281207,24.173796451410237,13.420492795699598,32.39423667570033,0.2876712328767123,True,single depot (Silchar centre)
severe_03,severe,1622303,775863,0.478247898203973,780685,624,14405,11.122070011436584,15.099032440332675,11,8.567347288590492,23.625664012693605,12.208318240591222,32.39423667570033,0.0,True,single depot (Silchar centre)
severe_04,severe,1622303,630217,0.38847058780018284,635567,497,14405,11.717713251828636,15.917294382271116,13,9.798627741997688,23.66281760151339,13.335664068943867,32.36989602741953,0.28378378378378377,True,single depot (Silchar centre)
severe_05,severe,1622303,1187774,0.7321529948474483,1196429,898,14405,9.779021726803009,13.949007445006384,25,7.7035867274100305,21.041595456865675,11.9950171055224,32.36989602741953,0.0,True,single depot (Silchar centre)
severe_06,severe,1622303,631327,0.38915480030549165,638908,502,14405,11.63304723157683,16.065768713732844,17,9.654385757539796,23.66281760151339,12.556607837717516,32.58731902710884,0.2714285714285714,True,single depot (Silchar centre)
severe_07,severe,1622303,653628,0.40290130758557435,660681,524,14405,11.65700988194669,15.88485040642619,17,9.606693978580765,24.294867608936336,12.515096655573421,32.58731902710884,0.3,True,single depot (Silchar centre)
severe_08,severe,1622303,809355,0.4988926236344259,817512,645,14405,10.92251007627293,16.172658694314922,18,8.598280269738602,23.1007621940056,13.909632510389136,32.34899174684198,0.0,True,single depot (Silchar centre)
severe_09,severe,1622303,850440,0.5242177324457885,858289,669,14405,11.127200115084428,16.133453430033708,20,9.080673108835706,23.413027785941832,13.505278114544698,33.306227790385265,0.0,True,single depot (Silchar centre)
severe_10,severe,1622303,631037,0.38897604208338393,638090,509,14405,11.723173209321327,15.907573018447685,15,9.798627741997688,24.201246652703457,12.624214041533392,32.58731902710884,0.2916666666666667,True,single depot (Silchar centre)
severe_11,severe,1622303,715833,0.44124494622767757,723682,556,14405,11.625050458241535,15.766331414723446,15,9.368428893287646,24.294867608936336,13.335664068943867,33.02165365615616,0.0,True,single depot (Silchar centre)
severe_12,severe,1622303,694289,0.42796505954806224,704837,544,14405,11.188798110557205,14.15549368327908,13,9.080673108835706,23.625664012693605,11.403874577332774,29.700279068629914,0.0,True,single depot (Silchar centre)
severe_13,severe,1622303,850988,0.5245555238448059,855810,661,14405,11.128534763075157,14.147673262322225,21,8.870312891666394,23.2966079227986,11.9950171055224,30.17279638893448,0.0,True,single depot (Silchar centre)
severe_14,severe,1622303,746446,0.4601150339979646,751268,602,14405,11.238775664581143,15.644145268440848,16,9.080673108835706,23.66281760151339,12.256122374432236,33.306227790385265,0.0,True,single depot (Silchar centre)
severe_15,severe,1622303,673885,0.41538787760362894,680938,535,14405,11.583138206572345,15.715774072871028,19,9.606693978580765,23.750476356997694,12.256122374432236,32.58731902710884,0.3088235294117647,True,single depot (Silchar centre)
severe_16,severe,1622303,816198,0.5031107012685053,824355,647,14405,10.93960504606564,16.45828712777977,18,8.598280269738602,23.101663695485463,13.552787193618126,33.63522153327508,0.0,True,single depot (Silchar centre)
severe_17,severe,1622303,714305,0.44030307531946866,721806,555,14405,11.603926478326148,16.31625535438575,15,9.293284962083828,24.294867608936336,13.179928560305175,34.15075464881009,0.0,True,single depot (Silchar centre)
severe_18,severe,1622303,703978,0.43393743338944696,711121,545,14405,11.611456430271653,16.248570295476416,14,9.37861274753213,24.201246652703457,13.502873038123774,34.04447960700946,0.0,True,single depot (Silchar centre)
severe_19,severe,1622303,709581,0.4373911655221004,714403,552,14405,11.569357195403173,14.22845515554573,17,9.327565497754733,24.294867608936336,12.208318240591222,30.688046689500233,0.0,True,single depot (Silchar centre)
mild_00,mild,1622303,81818,0.050433242125546215,96972,80,14405,11.930577829526754,13.616586960657928,2,9.955947217681333,23.694369808155248,11.208134200306061,26.91165339656442,0.9176470588235294,False,single resilient depot
mild_01,mild,1622303,81818,0.050433242125546215,96972,80,14405,11.930577829526754,13.57379974609785,1,9.955947217681333,23.694369808155248,11.163893600615957,26.91165339656442,0.9186046511627907,False,single resilient depot
mild_02,mild,1622303,20777,0.012807102002523572,21277,23,14405,12.012370469357842,12.459324047516718,0,9.97589097888353,24.099958813529618,10.238586193427349,24.99927648285221,1.0,False,single resilient depot
mild_03,mild,1622303,31169,0.0192128104306039,31669,33,14405,12.028070258098158,12.621140112015686,0,10.002151923987112,24.173796451410237,10.238586193427349,25.911967333084586,1.0,False,single resilient depot
mild_04,mild,1622303,55545,0.034238363610250365,61890,60,14405,11.887185777306707,13.100116888449316,2,9.939161962023164,23.66281760151339,10.694441910584173,26.56480985497737,0.9764705882352941,False,single resilient depot
mild_05,mild,1622303,93301,0.057511451313348984,108455,94,14405,11.944601369280504,13.842189000225064,1,9.983854082119331,23.750476356997694,11.731103059092293,26.982381042490555,0.8953488372093024,False,single resilient depot
mild_06,mild,1622303,18886,0.011641475112848833,19386,22,14405,12.011813383243352,12.474101175860456,0,9.983854082119331,24.099958813529618,10.238586193427349,24.99927648285221,0.9885057471264368,False,single resilient depot
mild_07,mild,1622303,60481,0.037280951832056035,66826,65,14405,11.912898718283166,13.288215037261985,1,9.97589097888353,23.66281760151339,11.144224598195684,26.88399233828801,0.9651162790697675,False,single resilient depot
mild_08,mild,1622303,55545,0.034238363610250365,61890,60,14405,11.887185777306707,13.100116888449316,2,9.939161962023164,23.66281760151339,10.694441910584173,26.56480985497737,0.9764705882352941,False,single resilient depot
mild_09,mild,1622303,52492,0.03235647101681992,58837,57,14405,11.911356785416897,13.169526869339649,2,9.955947217681333,23.66281760151339,10.836033654028483,26.91165339656442,0.9764705882352941,False,single resilient depot
mild_10,mild,1622303,16826,0.01037167532822167,17326,21,14405,12.011695228505788,12.473384485762589,0,10.002151923987112,23.953517408979987,10.238586193427349,24.972724539412454,0.9885057471264368,False,single resilient depot
mild_11,mild,1622303,101594,0.06262332005796697,116748,99,14405,11.943596321006327,14.777128238974111,4,9.97589097888353,23.750476356997694,12.256122374432236,29.05946265514965,0.9036144578313253,False,single resilient depot
mild_12,mild,1622303,48042,0.02961345691896027,55005,57,14405,11.98358448850206,13.319079815543232,3,9.983854082119331,23.953517408979987,11.163893600615957,26.88399233828801,0.9880952380952381,False,single resilient depot
mild_13,mild,1622303,21863,0.013476520723933814,22363,24,14405,12.014013113137073,12.461272732200392,0,9.983854082119331,24.099958813529618,10.238586193427349,24.99927648285221,1.0,False,single resilient depot
mild_14,mild,1622303,54178,0.03339573433569438,60523,59,14405,11.891131900602907,13.04045372852133,0,9.939161962023164,23.66281760151339,10.341640470976104,26.56480985497737,0.9655172413793104,False,single resilient depot
mild_15,mild,1622303,65347,0.040280391517490875,71692,72,14405,11.895263751615687,13.151538005491583,3,9.939161962023164,23.66281760151339,10.9332194714913,26.88399233828801,0.9642857142857143,False,single resilient depot
mild_16,mild,1622303,50370,0.03104845395712145,57333,58,14405,11.987199737977514,13.187999893119006,1,10.002151923987112,24.099958813529618,10.819460665002184,26.88399233828801,0.9883720930232558,False,single resilient depot
mild_17,mild,1622303,35031,0.02159337682294861,41994,38,14405,12.01562754656597,13.143772641528738,0,10.002151923987112,24.099958813529618,10.341640470976104,26.664785885721905,1.0,False,single resilient depot
mild_18,mild,1622303,18886,0.011641475112848833,19386,22,14405,12.011813383243352,12.474101175860456,0,9.983854082119331,24.099958813529618,10.238586193427349,24.99927648285221,0.9885057471264368,False,single resilient depot
mild_19,mild,1622303,82661,0.05095287378498345,97815,86,14405,11.904204054192201,13.915929926668078,3,9.939161962023164,23.694369808155248,11.9950171055224,27.040716708185855,0.9047619047619048,False,single resilient depot
moderate_00,moderate,1622303,342052,0.21084347375305354,354387,279,14405,11.632184162761842,14.809495909884445,11,9.798627741997688,23.098454162650995,12.256122374432236,29.700279068629914,0.34210526315789475,True,single resilient depot
moderate_01,moderate,1622303,373212,0.23005073651469546,383050,298,14405,11.644891327637271,15.659080928191287,12,9.724380523800159,23.2966079227986,12.68476699573079,31.351738134385513,0.32,True,single resilient depot
moderate_02,moderate,1622303,361646,0.22292136549091016,371842,285,14405,11.653502631369978,15.642368017842987,9,9.724489918672846,23.26753047519307,12.841688116052985,31.615035809291207,0.3333333333333333,True,single resilient depot
moderate_03,moderate,1622303,276443,0.17040158342800327,286469,224,14405,11.492144011207975,14.03624145494499,5,9.606693978580765,22.697919145291447,12.176218205750127,26.975601534749423,0.4146341463414634,True,single resilient depot
moderate_04,moderate,1622303,459857,0.2834593784268413,472806,383,14405,11.643439401757295,16.202400364538637,11,9.612118870618962,23.66281760151339,12.624214041533392,32.58731902710884,0.32894736842105265,True,single resilient depot
moderate_05,moderate,1622303,271763,0.16751679556778235,281431,221,14405,11.53256001101899,13.841663956732031,4,9.652268092485022,22.819518277205688,11.759945001610713,26.88399233828801,0.40963855421686746,True,single resilient depot
moderate_06,moderate,1622303,315037,0.19419122075222692,324270,255,14405,11.596227719448823,14.667902240345832,9,9.724489918672846,22.890644483358347,12.256122374432236,29.05946265514965,0.34615384615384615,True,single resilient depot
moderate_07,moderate,1622303,545273,0.336110455321848,550623,443,14405,11.682140075255743,14.533281838785953,12,9.705750332867925,23.66281760151339,12.033740213569168,30.517007087561325,0.28,True,single resilient depot
moderate_08,moderate,1622303,368456,0.22711910167212906,377689,293,14405,11.615235048292949,14.069736840666742,3,9.705750332867925,23.2966079227986,12.032497602120515,27.90018219089715,0.2976190476190476,True,single resilient depot
moderate_09,moderate,1622303,229031,0.14117646333638045,246218,178,14405,11.729988731959814,15.084106138008888,3,9.889477529202587,23.098454162650995,12.515096655573421,29.247194137630288,0.8214285714285714,False,single resilient depot
moderate_10,moderate,1622303,309549,0.19080837550075416,319387,247,14405,11.630180121194124,15.455611705363337,7,9.798627741997688,23.098454162650995,12.853108891161964,30.517007087561325,0.325,True,single resilient depot
moderate_11,moderate,1622303,384211,0.2368306043938771,393444,308,14405,11.653392723378605,15.848000626567599,11,9.791193001899904,23.2966079227986,13.188404452399244,31.470973502213223,0.32894736842105265,True,single resilient depot
moderate_12,moderate,1622303,312166,0.19242151435336063,322362,249,14405,11.64362817340404,14.45864920531768,6,9.798627741997688,23.098454162650995,12.172301134413356,29.247194137630288,0.32098765432098764,True,single resilient depot
moderate_13,moderate,1622303,433673,0.2673193601935027,442906,340,14405,11.671843528038721,15.687332619876543,10,9.705750332867925,23.625664012693605,12.624214041533392,32.072428667584205,0.3116883116883117,True,single resilient depot
moderate_14,moderate,1622303,327959,0.2021564405662814,339936,262,14405,11.654073080357099,15.681836290060774,8,9.831839675788526,23.098454162650995,12.951637728258326,31.324870540685435,0.31645569620253167,True,single resilient depot
moderate_15,moderate,1622303,563428,0.34730133643345296,572494,458,14405,11.667732622333476,16.13153981025698,13,9.705750332867925,23.66281760151339,12.556607837717516,32.58731902710884,0.28378378378378377,True,single resilient depot
moderate_16,moderate,1622303,411540,0.25367640940070996,420773,327,14405,11.59711332463476,15.560414242460208,7,9.606693978580765,23.39588792499128,12.515096655573421,31.324870540685435,0.325,True,single resilient depot
moderate_17,moderate,1622303,316521,0.19510596972328845,326359,258,14405,11.602474864487299,14.450709516542561,6,9.791193001899904,23.047428718962816,12.256122374432236,28.84486671564073,0.345679012345679,True,single resilient depot
moderate_18,moderate,1622303,366201,0.22572910239332603,376397,288,14405,11.655308534408132,14.736160814894843,10,9.724489918672846,23.2966079227986,12.256122374432236,29.247194137630288,0.3116883116883117,True,single resilient depot
moderate_19,moderate,1622303,305088,0.1880585809186077,314321,244,14405,11.636377184000413,14.389159709158431,5,9.831839675788526,22.981445521794498,12.208318240591222,28.42798078478932,0.34146341463414637,True,single resilient depot
severe_00,severe,1622303,799772,0.4929855890052598,804594,631,14405,11.032938710257326,13.8333832711339,16,8.995565447056796,23.39588792499128,12.017849188716786,29.247194137630288,0.2535211267605634,True,single resilient depot
severe_01,severe,1622303,667387,0.4113824606130914,680781,545,14405,11.215937732586621,15.239438157432344,11,9.37861274753213,23.413027785941832,12.256122374432236,31.358774303155975,0.2894736842105263,True,single resilient depot
severe_02,severe,1622303,598459,0.36889471325640155,605682,484,14405,11.8076843998556,16.172647026167912,14,10.065698387281207,24.173796451410237,13.420492795699598,32.39423667570033,0.2876712328767123,True,single resilient depot
severe_03,severe,1622303,775863,0.478247898203973,780685,624,14405,11.122070011436584,15.099032440332675,11,8.567347288590492,23.625664012693605,12.208318240591222,32.39423667570033,0.25,True,single resilient depot
severe_04,severe,1622303,630217,0.38847058780018284,635567,497,14405,11.717713251828636,15.917294382271116,13,9.798627741997688,23.66281760151339,13.335664068943867,32.36989602741953,0.28378378378378377,True,single resilient depot
severe_05,severe,1622303,1187774,0.7321529948474483,1196429,898,14405,9.779021726803009,13.949007445006384,25,7.7035867274100305,21.041595456865675,11.9950171055224,32.36989602741953,0.06451612903225806,True,single resilient depot
severe_06,severe,1622303,631327,0.38915480030549165,638908,502,14405,11.63304723157683,16.065768713732844,17,9.654385757539796,23.66281760151339,12.556607837717516,32.58731902710884,0.2714285714285714,True,single resilient depot
severe_07,severe,1622303,653628,0.40290130758557435,660681,524,14405,11.65700988194669,15.88485040642619,17,9.606693978580765,24.294867608936336,12.515096655573421,32.58731902710884,0.3,True,single resilient depot
severe_08,severe,1622303,809355,0.4988926236344259,817512,645,14405,10.92251007627293,16.172658694314922,18,8.598280269738602,23.1007621940056,13.909632510389136,32.34899174684198,0.2028985507246377,True,single resilient depot
severe_09,severe,1622303,850440,0.5242177324457885,858289,669,14405,11.127200115084428,16.133453430033708,20,9.080673108835706,23.413027785941832,13.505278114544698,33.306227790385265,0.2537313432835821,True,single resilient depot
severe_10,severe,1622303,631037,0.38897604208338393,638090,509,14405,11.723173209321327,15.907573018447685,15,9.798627741997688,24.201246652703457,12.624214041533392,32.58731902710884,0.2916666666666667,True,single resilient depot
severe_11,severe,1622303,715833,0.44124494622767757,723682,556,14405,11.625050458241535,15.766331414723446,15,9.368428893287646,24.294867608936336,13.335664068943867,33.02165365615616,0.3055555555555556,True,single resilient depot
severe_12,severe,1622303,694289,0.42796505954806224,704837,544,14405,11.188798110557205,14.15549368327908,13,9.080673108835706,23.625664012693605,11.403874577332774,29.700279068629914,0.3108108108108108,True,single resilient depot
severe_13,severe,1622303,850988,0.5245555238448059,855810,661,14405,11.128534763075157,14.147673262322225,21,8.870312891666394,23.2966079227986,11.9950171055224,30.17279638893448,0.25757575757575757,True,single resilient depot
severe_14,severe,1622303,746446,0.4601150339979646,751268,602,14405,11.238775664581143,15.644145268440848,16,9.080673108835706,23.66281760151339,12.256122374432236,33.306227790385265,0.29577464788732394,True,single resilient depot
severe_15,severe,1622303,673885,0.41538787760362894,680938,535,14405,11.583138206572345,15.715774072871028,19,9.606693978580765,23.750476356997694,12.256122374432236,32.58731902710884,0.3088235294117647,True,single resilient depot
severe_16,severe,1622303,816198,0.5031107012685053,824355,647,14405,10.93960504606564,16.45828712777977,18,8.598280269738602,23.101663695485463,13.552787193618126,33.63522153327508,0.21739130434782608,True,single resilient depot
severe_17,severe,1622303,714305,0.44030307531946866,721806,555,14405,11.603926478326148,16.31625535438575,15,9.293284962083828,24.294867608936336,13.179928560305175,34.15075464881009,0.2916666666666667,True,single resilient depot
severe_18,severe,1622303,703978,0.43393743338944696,711121,545,14405,11.611456430271653,16.248570295476416,14,9.37861274753213,24.201246652703457,13.502873038123774,34.04447960700946,0.2876712328767123,True,single resilient depot
severe_19,severe,1622303,709581,0.4373911655221004,714403,552,14405,11.569357195403173,14.22845515554573,17,9.327565497754733,24.294867608936336,12.208318240591222,30.688046689500233,0.3,True,single resilient depot
mild_00,mild,1622303,81818,0.050433242125546215,96972,80,14405,11.930577829526754,13.616586960657928,2,9.955947217681333,23.694369808155248,11.208134200306061,26.91165339656442,0.9176470588235294,False,three hubs
mild_01,mild,1622303,81818,0.050433242125546215,96972,80,14405,11.930577829526754,13.57379974609785,1,9.955947217681333,23.694369808155248,11.163893600615957,26.91165339656442,0.9186046511627907,False,three hubs
mild_02,mild,1622303,20777,0.012807102002523572,21277,23,14405,12.012370469357842,12.459324047516718,0,9.97589097888353,24.099958813529618,10.238586193427349,24.99927648285221,1.0,False,three hubs
mild_03,mild,1622303,31169,0.0192128104306039,31669,33,14405,12.028070258098158,12.621140112015686,0,10.002151923987112,24.173796451410237,10.238586193427349,25.911967333084586,1.0,False,three hubs
mild_04,mild,1622303,55545,0.034238363610250365,61890,60,14405,11.887185777306707,13.100116888449316,2,9.939161962023164,23.66281760151339,10.694441910584173,26.56480985497737,0.9764705882352941,False,three hubs
mild_05,mild,1622303,93301,0.057511451313348984,108455,94,14405,11.944601369280504,13.842189000225064,1,9.983854082119331,23.750476356997694,11.731103059092293,26.982381042490555,0.8953488372093024,False,three hubs
mild_06,mild,1622303,18886,0.011641475112848833,19386,22,14405,12.011813383243352,12.474101175860456,0,9.983854082119331,24.099958813529618,10.238586193427349,24.99927648285221,0.9885057471264368,False,three hubs
mild_07,mild,1622303,60481,0.037280951832056035,66826,65,14405,11.912898718283166,13.288215037261985,1,9.97589097888353,23.66281760151339,11.144224598195684,26.88399233828801,0.9651162790697675,False,three hubs
mild_08,mild,1622303,55545,0.034238363610250365,61890,60,14405,11.887185777306707,13.100116888449316,2,9.939161962023164,23.66281760151339,10.694441910584173,26.56480985497737,0.9764705882352941,False,three hubs
mild_09,mild,1622303,52492,0.03235647101681992,58837,57,14405,11.911356785416897,13.169526869339649,2,9.955947217681333,23.66281760151339,10.836033654028483,26.91165339656442,0.9764705882352941,False,three hubs
mild_10,mild,1622303,16826,0.01037167532822167,17326,21,14405,12.011695228505788,12.473384485762589,0,10.002151923987112,23.953517408979987,10.238586193427349,24.972724539412454,0.9885057471264368,False,three hubs
mild_11,mild,1622303,101594,0.06262332005796697,116748,99,14405,11.943596321006327,14.777128238974111,4,9.97589097888353,23.750476356997694,12.256122374432236,29.05946265514965,0.9036144578313253,False,three hubs
mild_12,mild,1622303,48042,0.02961345691896027,55005,57,14405,11.98358448850206,13.319079815543232,3,9.983854082119331,23.953517408979987,11.163893600615957,26.88399233828801,0.9880952380952381,False,three hubs
mild_13,mild,1622303,21863,0.013476520723933814,22363,24,14405,12.014013113137073,12.461272732200392,0,9.983854082119331,24.099958813529618,10.238586193427349,24.99927648285221,1.0,False,three hubs
mild_14,mild,1622303,54178,0.03339573433569438,60523,59,14405,11.891131900602907,13.04045372852133,0,9.939161962023164,23.66281760151339,10.341640470976104,26.56480985497737,0.9655172413793104,False,three hubs
mild_15,mild,1622303,65347,0.040280391517490875,71692,72,14405,11.895263751615687,13.151538005491583,3,9.939161962023164,23.66281760151339,10.9332194714913,26.88399233828801,0.9642857142857143,False,three hubs
mild_16,mild,1622303,50370,0.03104845395712145,57333,58,14405,11.987199737977514,13.187999893119006,1,10.002151923987112,24.099958813529618,10.819460665002184,26.88399233828801,0.9883720930232558,False,three hubs
mild_17,mild,1622303,35031,0.02159337682294861,41994,38,14405,12.01562754656597,13.143772641528738,0,10.002151923987112,24.099958813529618,10.341640470976104,26.664785885721905,1.0,False,three hubs
mild_18,mild,1622303,18886,0.011641475112848833,19386,22,14405,12.011813383243352,12.474101175860456,0,9.983854082119331,24.099958813529618,10.238586193427349,24.99927648285221,0.9885057471264368,False,three hubs
mild_19,mild,1622303,82661,0.05095287378498345,97815,86,14405,11.904204054192201,13.915929926668078,3,9.939161962023164,23.694369808155248,11.9950171055224,27.040716708185855,0.9047619047619048,False,three hubs
moderate_00,moderate,1622303,342052,0.21084347375305354,354387,279,14405,11.632184162761842,14.809495909884445,11,9.798627741997688,23.098454162650995,12.256122374432236,29.700279068629914,0.6842105263157895,False,three hubs
moderate_01,moderate,1622303,373212,0.23005073651469546,383050,298,14405,11.644891327637271,15.659080928191287,12,9.724380523800159,23.2966079227986,12.68476699573079,31.351738134385513,0.68,False,three hubs
moderate_02,moderate,1622303,361646,0.22292136549091016,371842,285,14405,11.653502631369978,15.642368017842987,9,9.724489918672846,23.26753047519307,12.841688116052985,31.615035809291207,0.6923076923076923,False,three hubs
moderate_03,moderate,1622303,276443,0.17040158342800327,286469,224,14405,11.492144011207975,14.03624145494499,5,9.606693978580765,22.697919145291447,12.176218205750127,26.975601534749423,0.8048780487804879,False,three hubs
moderate_04,moderate,1622303,459857,0.2834593784268413,472806,383,14405,11.643439401757295,16.202400364538637,11,9.612118870618962,23.66281760151339,12.624214041533392,32.58731902710884,0.6842105263157895,False,three hubs
moderate_05,moderate,1622303,271763,0.16751679556778235,281431,221,14405,11.53256001101899,13.841663956732031,4,9.652268092485022,22.819518277205688,11.759945001610713,26.88399233828801,0.8313253012048193,False,three hubs
moderate_06,moderate,1622303,315037,0.19419122075222692,324270,255,14405,11.596227719448823,14.667902240345832,9,9.724489918672846,22.890644483358347,12.256122374432236,29.05946265514965,0.7692307692307693,False,three hubs
moderate_07,moderate,1622303,545273,0.336110455321848,550623,443,14405,11.682140075255743,14.533281838785953,12,9.705750332867925,23.66281760151339,12.033740213569168,30.517007087561325,0.5733333333333334,False,three hubs
moderate_08,moderate,1622303,368456,0.22711910167212906,377689,293,14405,11.615235048292949,14.069736840666742,3,9.705750332867925,23.2966079227986,12.032497602120515,27.90018219089715,0.6309523809523809,False,three hubs
moderate_09,moderate,1622303,229031,0.14117646333638045,246218,178,14405,11.729988731959814,15.084106138008888,3,9.889477529202587,23.098454162650995,12.515096655573421,29.247194137630288,0.8214285714285714,False,three hubs
moderate_10,moderate,1622303,309549,0.19080837550075416,319387,247,14405,11.630180121194124,15.455611705363337,7,9.798627741997688,23.098454162650995,12.853108891161964,30.517007087561325,0.6875,False,three hubs
moderate_11,moderate,1622303,384211,0.2368306043938771,393444,308,14405,11.653392723378605,15.848000626567599,11,9.791193001899904,23.2966079227986,13.188404452399244,31.470973502213223,0.6973684210526315,False,three hubs
moderate_12,moderate,1622303,312166,0.19242151435336063,322362,249,14405,11.64362817340404,14.45864920531768,6,9.798627741997688,23.098454162650995,12.172301134413356,29.247194137630288,0.6790123456790124,False,three hubs
moderate_13,moderate,1622303,433673,0.2673193601935027,442906,340,14405,11.671843528038721,15.687332619876543,10,9.705750332867925,23.625664012693605,12.624214041533392,32.072428667584205,0.6753246753246753,False,three hubs
moderate_14,moderate,1622303,327959,0.2021564405662814,339936,262,14405,11.654073080357099,15.681836290060774,8,9.831839675788526,23.098454162650995,12.951637728258326,31.324870540685435,0.6582278481012658,False,three hubs
moderate_15,moderate,1622303,563428,0.34730133643345296,572494,458,14405,11.667732622333476,16.13153981025698,13,9.705750332867925,23.66281760151339,12.556607837717516,32.58731902710884,0.581081081081081,False,three hubs
moderate_16,moderate,1622303,411540,0.25367640940070996,420773,327,14405,11.59711332463476,15.560414242460208,7,9.606693978580765,23.39588792499128,12.515096655573421,31.324870540685435,0.6625,False,three hubs
moderate_17,moderate,1622303,316521,0.19510596972328845,326359,258,14405,11.602474864487299,14.450709516542561,6,9.791193001899904,23.047428718962816,12.256122374432236,28.84486671564073,0.691358024691358,False,three hubs
moderate_18,moderate,1622303,366201,0.22572910239332603,376397,288,14405,11.655308534408132,14.736160814894843,10,9.724489918672846,23.2966079227986,12.256122374432236,29.247194137630288,0.6623376623376623,False,three hubs
moderate_19,moderate,1622303,305088,0.1880585809186077,314321,244,14405,11.636377184000413,14.389159709158431,5,9.831839675788526,22.981445521794498,12.208318240591222,28.42798078478932,0.7439024390243902,False,three hubs
severe_00,severe,1622303,799772,0.4929855890052598,804594,631,14405,11.032938710257326,13.8333832711339,16,8.995565447056796,23.39588792499128,12.017849188716786,29.247194137630288,0.4647887323943662,True,three hubs
severe_01,severe,1622303,667387,0.4113824606130914,680781,545,14405,11.215937732586621,15.239438157432344,11,9.37861274753213,23.413027785941832,12.256122374432236,31.358774303155975,0.4473684210526316,True,three hubs
severe_02,severe,1622303,598459,0.36889471325640155,605682,484,14405,11.8076843998556,16.172647026167912,14,10.065698387281207,24.173796451410237,13.420492795699598,32.39423667570033,0.5753424657534246,False,three hubs
severe_03,severe,1622303,775863,0.478247898203973,780685,624,14405,11.122070011436584,15.099032440332675,11,8.567347288590492,23.625664012693605,12.208318240591222,32.39423667570033,0.4342105263157895,True,three hubs
severe_04,severe,1622303,630217,0.38847058780018284,635567,497,14405,11.717713251828636,15.917294382271116,13,9.798627741997688,23.66281760151339,13.335664068943867,32.36989602741953,0.5540540540540541,False,three hubs
severe_05,severe,1622303,1187774,0.7321529948474483,1196429,898,14405,9.779021726803009,13.949007445006384,25,7.7035867274100305,21.041595456865675,11.9950171055224,32.36989602741953,0.12903225806451613,True,three hubs
severe_06,severe,1622303,631327,0.38915480030549165,638908,502,14405,11.63304723157683,16.065768713732844,17,9.654385757539796,23.66281760151339,12.556607837717516,32.58731902710884,0.5571428571428572,False,three hubs
severe_07,severe,1622303,653628,0.40290130758557435,660681,524,14405,11.65700988194669,15.88485040642619,17,9.606693978580765,24.294867608936336,12.515096655573421,32.58731902710884,0.5714285714285714,False,three hubs
severe_08,severe,1622303,809355,0.4988926236344259,817512,645,14405,10.92251007627293,16.172658694314922,18,8.598280269738602,23.1007621940056,13.909632510389136,32.34899174684198,0.36231884057971014,True,three hubs
severe_09,severe,1622303,850440,0.5242177324457885,858289,669,14405,11.127200115084428,16.133453430033708,20,9.080673108835706,23.413027785941832,13.505278114544698,33.306227790385265,0.417910447761194,True,three hubs
severe_10,severe,1622303,631037,0.38897604208338393,638090,509,14405,11.723173209321327,15.907573018447685,15,9.798627741997688,24.201246652703457,12.624214041533392,32.58731902710884,0.5694444444444444,False,three hubs
severe_11,severe,1622303,715833,0.44124494622767757,723682,556,14405,11.625050458241535,15.766331414723446,15,9.368428893287646,24.294867608936336,13.335664068943867,33.02165365615616,0.5416666666666666,False,three hubs
severe_12,severe,1622303,694289,0.42796505954806224,704837,544,14405,11.188798110557205,14.15549368327908,13,9.080673108835706,23.625664012693605,11.403874577332774,29.700279068629914,0.5135135135135135,False,three hubs
severe_13,severe,1622303,850988,0.5245555238448059,855810,661,14405,11.128534763075157,14.147673262322225,21,8.870312891666394,23.2966079227986,11.9950171055224,30.17279638893448,0.4696969696969697,True,three hubs
severe_14,severe,1622303,746446,0.4601150339979646,751268,602,14405,11.238775664581143,15.644145268440848,16,9.080673108835706,23.66281760151339,12.256122374432236,33.306227790385265,0.4788732394366197,True,three hubs
severe_15,severe,1622303,673885,0.41538787760362894,680938,535,14405,11.583138206572345,15.715774072871028,19,9.606693978580765,23.750476356997694,12.256122374432236,32.58731902710884,0.5882352941176471,False,three hubs
severe_16,severe,1622303,816198,0.5031107012685053,824355,647,14405,10.93960504606564,16.45828712777977,18,8.598280269738602,23.101663695485463,13.552787193618126,33.63522153327508,0.36231884057971014,True,three hubs
severe_17,severe,1622303,714305,0.44030307531946866,721806,555,14405,11.603926478326148,16.31625535438575,15,9.293284962083828,24.294867608936336,13.179928560305175,34.15075464881009,0.5416666666666666,False,three hubs
severe_18,severe,1622303,703978,0.43393743338944696,711121,545,14405,11.611456430271653,16.248570295476416,14,9.37861274753213,24.201246652703457,13.502873038123774,34.04447960700946,0.5205479452054794,False,three hubs
severe_19,severe,1622303,709581,0.4373911655221004,714403,552,14405,11.569357195403173,14.22845515554573,17,9.327565497754733,24.294867608936336,12.208318240591222,30.688046689500233,0.5428571428571428,False,three hubs
