facility_id,name,residents_served,stock_units,demand_per_day,days_of_cover
959182,RUKNI TE HOSPITAL,10779.0,497,28.772,17.273738356735716
900036,DERBY TE HOSPITAL,13895.0,545,28.744,18.960478708600057
958131,IRONGMARA TE HOSPITAL,20679.0,650,45.744,14.209513816019587
900308,HARINA MPHC,30846.0,314,38.626,8.129239372443433
965419,Berenga PHC,3094.0,788,27.062,29.11832089276476
876158,MG Model Hospital Tikal Salganga,14730.0,385,23.77,16.196886832141356
937941,S.S.Polyclinic,38769.0,0,0.0,
929579,Sonabarighat sub Health centre,54295.0,910,66.104,13.766186615030861
912333,Emanual Hospital,24202.0,354,21.996,16.093835242771412
888197,Government Dental College,11940.0,102,6.916,14.74840948525159
959180,SONAI TE HOSPITAL,19223.0,278,51.952,5.351093316907916
888127,Nightingale Hospital,2773.0,0,0.0,
966003,MG Katigorah Model Hospital,59841.0,2755,118.992,23.152816996100576
888123,Valley Hospital,2630.0,0,0.0,
888174,SS Polyclinic and  Nursing Home,0.0,204,19.632,10.39119804400978
964438,Digorkhal New Primary Health Centre,55615.0,1839,125.31,14.675604500837922
965433,Madhurbond PHC,13150.0,954,27.008,35.3228672985782
879304,Jirighat Mini PHC,34065.0,668,54.2,12.324723247232471
885520,Harinagar BPHC,22637.0,520,42.766,12.159191881401114
888162,Green Heals Hospital Pvt Ltd,2568.0,0,0.0,
958628,Uttar Lalpani PHC,691.0,146,17.97,8.124652198107958
907956,vatenary hospital,16760.0,225,42.924,5.24182275649986
938065,Koomber TE Hospital,6040.0,296,13.586,21.78713381422052
885528,Joypur SHC,14830.0,145,20.084,7.219677355108544
923468,Coombergram  Tea Garden Hospital,2374.0,62,4.748,13.058129738837405
876161,Digor kashipur PHC,7614.0,87,7.426,11.715593859412873
963180,Lalong Garden Hospital,9743.0,408,19.712,20.698051948051948
901325,A I Centre Jatingamukh,108804.0,3001,186.076,16.127818740729595
959185,BHUBANDAR TE HOSPITAL,7550.0,88,10.35,8.502415458937199
917873,VIVEKANANDA SPECIALITY  HOSPITAL AND RESEARCH CENTRE,58412.0,1387,98.17,14.128552510950392
958136,Burrows Memorial Christian Hospital,18449.0,348,46.242,7.525626054236409
877541,Patimara TE Hospital,4237.0,476,9.258,51.41499243897171
900003,HAWAITANG MPHC,24155.0,1319,87.366,15.097406313668934
929411,Sonai Primary Health centre,34492.0,1037,95.89,10.814474919178226
900031,NARSINGPUR PHC,34920.0,705,56.178,12.549396560931326
887699,Rengti Basti Primary Health center,0.0,921,53.824,17.111325802615934
959998,Chandighat Nugger T G Hospital,12407.0,701,25.352,27.650678447459764
957697,SILCOORIE TE HOSPITAL,28029.0,2099,103.428,20.29431101829292
960223,RE Nursing Home and Diagnostic centre,0.0,179,8.0,22.375
963164,Scotpur  Garden Hospital,1290.0,108,7.07,15.275813295615276
903867,Kachudaram Model Hospital,26053.0,1545,51.48,30.011655011655012
938078,Urrunabond TE Hospital,7485.0,220,14.97,14.696058784235136
888185,Gracewell Hospital,0.0,10,1.282,7.800312012480499
877557,Rongpur PHC,4139.0,260,14.316,18.161497625034926
956152,Arkatipur TE Hospital,7799.0,334,40.652,8.216077929745154
877536,Paticherra TE Hospital,5389.0,161,13.468,11.954261954261954
950638,Superb Primary Health Care,22108.0,244,13.176,18.51851851851852
960725,Bikrampur Ramkamal Block PHC,18021.0,1110,83.334,13.319893440852473
927494,Chibitabichia Model Hospital 20 beded,18890.0,480,39.0,12.307692307692308
963176,B P Kedi Hospital Labac,8517.0,127,20.016,6.344924060751399
963183,Thailoo Garden Hospital,10874.0,116,20.512,5.655226209048362
923657,Dalu Bagan Hospital,21907.0,967,52.846,18.29845210611967
937940,Gracewell hospital,0.0,613,23.174,26.4520583412445
877522,Doyapur TE Hospital,7090.0,187,17.66,10.588901472253681
900007,BIDYARATANPUR MPHC,25663.0,1722,51.94,33.153638814016176
966483,Fulbari Primary Health Centre,24230.0,1187,99.086,11.979492562016834
908132,Mahatma Gandhi Model Hospital,34590.0,791,54.744,14.44907204442496
888112,Jeevan Jyoti Institute of Medical Sciences,0.0,0,0.0,
914520,Natun Ramnagar SD,29925.0,1107,59.046,18.74809470582258
900084,ALLENPUR TE HOSPITAL,5630.0,131,12.03,10.88944305901912
879303,Lakhipur Block PHC,19360.0,856,53.906,15.87949393388491
890796,Borkhola PHC,51389.0,953,55.54,17.15880446525027
870357,Jalalpur BPHC,17305.0,1022,47.334,21.591245193729666
956137,Larsing TE Hospital,7346.0,390,36.368,10.72371315442147
900326,MG PALONGHAT MODEL HOSPITAL,15264.0,448,32.644,13.723808356819019
956218,Cossipur TE Hospital,31025.0,734,29.596,24.80064873631572
888115,Medinova Hospital,0.0,62,5.546,11.17922827262892
899998,DHOLAI PHC,44628.0,2331,53.588,43.49854445025006
956263,Udharbond BPHC,34441.0,392,36.486,10.743846954996437
963165,Barthal Garden Hospital,6573.0,325,19.72,16.480730223123732
900239,BORJALENGA MPHC,18368.0,383,29.556,12.958451752605223
861636,Chhotomamda Mini Primary Health Centre,52476.0,436,46.938,9.288849120115897
870360,Kalain CHC,62163.0,817,106.516,7.670209170453265
888144,South City Hospital,0.0,0,0.0,
888178,Choudhury Maternity clinic,0.0,261,36.816,7.089308996088657
963173,Baladan Garden Hospital,10936.0,353,21.942,16.087868015677696
963171,Narainpur Garden Hospital,6412.0,240,14.678,16.351001498841804
876167,Thaligram MPHC,0.0,38,5.522,6.881564650488953
901803,Banskandi Community Health Centre,20773.0,510,78.56400000000001,6.491522834886207
900009,PALOI TE HOSPITAL,15090.0,1101,35.404,31.098180996497568
885687,Dewan TE Hospital,553.0,139,5.276,26.34571645185747
964431,Shivtilla M P H C,42672.0,528,54.766,9.641018149947048
962177,Cachar Cancer Hospital and Research center,0.0,288,41.054,7.015150777025381
900323,DARMIKHAL MINI PRIMARY HEALTH CENTRE,12957.0,275,23.646,11.629873974456567
946234,Rosekandi Bagan Hosspital,8979.0,149,9.524,15.644687106257877
963168,Bhando Garden Hospital,2001.0,43,4.582,9.384548232213008
902085,WEST JALENGA TE HOSPITAL,22349.0,447,35.114,12.72996525602324
