missing_share,rep,scenario,share_cut_off,delta_cut_off_vs_full,top10_overlap,unmet_access_opt,capture_rate
0.05,0,mild_00,0.05928608897351481,0.008852846847968596,0.6666666666666666,433.73199999999997,1.0000000000000002
0.05,0,mild_03,0.024659388535927012,0.005446578105323112,0.6666666666666666,0.0,1.0
0.05,0,mild_06,0.015167943349670192,0.003526468236821359,0.42857142857142855,0.0,1.0
0.05,0,mild_09,0.03689939548900544,0.004542924472185524,0.8181818181818182,0.0,1.0000000000000002
0.05,0,mild_12,0.03988897265184124,0.010275515732880974,0.6666666666666666,0.0,0.9999999999999999
0.05,0,mild_15,0.044041711073702014,0.0037613195562111387,0.8181818181818182,0.0,1.0000000000000002
0.05,0,mild_18,0.015167943349670192,0.003526468236821359,0.42857142857142855,0.0,1.0
0.05,0,moderate_00,0.21400502865371018,0.0031615549006566435,1.0,8520.58,1.0000000000000002
0.05,0,moderate_03,0.17661189062709,0.006210307199086745,1.0,4639.928,1.0000000000000002
0.05,0,moderate_06,0.19945719141245502,0.005265970660228103,1.0,9655.240000000002,1.0
0.05,0,moderate_09,0.14806481896415158,0.0068883556277711255,1.0,569.956,0.9999999999999999
0.05,0,moderate_12,0.19930986998113176,0.0068883556277711255,1.0,8081.036,0.9999999999999998
0.05,0,moderate_15,0.3509128689276911,0.0036115324942381233,0.8181818181818182,8097.372,1.0000000000000004
0.05,0,moderate_18,0.22751853383739043,0.0017894314440644044,1.0,8174.0560000000005,1.0
0.05,0,severe_00,0.4919870085921064,-0.0009985804131533715,1.0,6508.316000000001,
0.05,0,severe_03,0.47895861623876673,0.0007107180347937225,1.0,6657.096,
0.05,0,severe_06,0.3927663327997298,0.0036115324942381233,0.8181818181818182,7802.588000000001,0.9999999999999997
0.05,0,severe_09,0.5162802509765438,-0.007937481469244667,1.0,6582.684000000001,
0.05,0,severe_12,0.42891679297887014,0.0009517334308078995,1.0,7500.456,
0.05,0,severe_15,0.40719520336213394,-0.008192674241495002,1.0,7376.948,1.0000000000000002
0.05,0,severe_18,0.425744759147952,-0.008192674241494946,1.0,8517.324,
0.05,1,mild_00,0.05260977758162316,0.0021765354560769473,0.6666666666666666,651.9680000000001,0.9999999999999999
0.05,1,mild_03,0.022400870860745496,0.0031880604301415955,0.42857142857142855,161.56400000000002,1.0000000000000002
0.05,1,mild_06,0.01413484410742013,0.002493368994571298,0.5384615384615384,0.0,0.9999999999999998
0.05,1,mild_09,0.034533006472896866,0.0021765354560769473,0.6666666666666666,161.56400000000002,1.0
0.05,1,mild_12,0.038835531956730646,0.009222075037770377,0.5384615384615384,161.56400000000002,0.9999999999999999
0.05,1,mild_15,0.04363858046246601,0.003358188944975138,0.5384615384615384,161.56400000000002,1.0
0.05,1,mild_18,0.01413484410742013,0.002493368994571298,0.5384615384615384,0.0,0.9999999999999998
0.05,1,moderate_00,0.22848259542144717,0.017639121668393626,0.6666666666666666,8581.156,1.0
0.05,1,moderate_03,0.1873608074447252,0.016959224016721924,0.6666666666666666,5028.3640000000005,1.0
0.05,1,moderate_06,0.21051184643066062,0.016320625678433703,0.6666666666666666,9732.168000000001,0.9999999999999993
0.05,1,moderate_09,0.15270451943934024,0.011528056102959788,0.8181818181818182,634.1600000000001,1.0
0.05,1,moderate_12,0.21124722077195196,0.018825706418591326,0.6666666666666666,8184.508,0.9999999999999997
0.05,1,moderate_15,0.3430925049143101,-0.004208831519142864,0.8181818181818182,7948.636,1.0000000000000004
0.05,1,moderate_18,0.23423429531967827,0.00850519292635224,0.6666666666666666,8112.224,1.0000000000000007
0.05,1,severe_00,0.4828974612017607,-0.010088127803499103,1.0,6290.0,
0.05,1,severe_03,0.4748243700467792,-0.0034235281571938225,1.0,6530.136,
0.05,1,severe_06,0.3849459687863488,-0.004208831519142864,0.8181818181818182,7653.852000000001,0.9999999999999997
0.05,1,severe_09,0.5141296046422894,-0.010088127803499103,1.0,6311.748000000001,
0.05,1,severe_12,0.43954119544869236,0.011576135900630113,1.0,7358.18,
0.05,1,severe_15,0.4042228856138465,-0.011164991989782436,1.0,7234.988000000001,0.9999999999999998
0.05,1,severe_18,0.4227724413996646,-0.01116499198978238,1.0,8516.996000000001,
0.05,2,mild_00,0.05210247407543474,0.0016692319498885222,0.8181818181818182,621.336,1.0
0.05,2,mild_03,0.02591994220561757,0.006707131775013669,0.6666666666666666,621.336,1.0000000000000004
0.05,2,mild_06,0.014968227267039511,0.003326752154190678,0.5384615384615384,0.0,1.0
0.05,2,mild_09,0.03817289371960725,0.00581642270278733,0.6666666666666666,621.336,1.0000000000000002
0.05,2,mild_12,0.04106816051008967,0.011454703591129402,0.6666666666666666,621.336,1.0000000000000002
0.05,2,mild_15,0.045139533120508314,0.004859141603017439,0.6666666666666666,621.336,1.0000000000000002
0.05,2,mild_18,0.014968227267039511,0.003326752154190678,0.5384615384615384,0.0,1.0
0.05,2,moderate_00,0.21456719244185582,0.00372371868880228,0.8181818181818182,8507.572,1.0000000000000007
0.05,2,moderate_03,0.17480828180678948,0.004406698378786211,0.8181818181818182,4616.784000000001,1.0000000000000002
0.05,2,moderate_06,0.19859791913101313,0.004406698378786211,0.8181818181818182,9658.584,1.0
0.05,2,moderate_09,0.1468190590783596,0.005642595741979145,1.0,603.528,0.9999999999999999
0.05,2,moderate_12,0.19682821273214682,0.0044066983787861835,0.8181818181818182,8110.924000000001,0.9999999999999994
0.05,2,moderate_15,0.353477124803443,0.006175788369990054,0.8181818181818182,7895.24,0.9999999999999994
0.05,2,moderate_18,0.23379911150999536,0.00807000911666933,0.6666666666666666,8024.752,1.0000000000000002
0.05,2,severe_00,0.49885563917467945,0.0058700501694196605,1.0,6372.152,
0.05,2,severe_03,0.48358537215304415,0.0053374739490711365,0.8181818181818182,6671.684000000001,
0.05,2,severe_06,0.39502485047491126,0.005870050169419605,0.8181818181818182,7614.344,1.0000000000000002
0.05,2,severe_09,0.5275001032482834,0.0032823708024949383,1.0,6570.84,
0.05,2,severe_12,0.4341408479180523,0.006175788369990054,1.0,7485.84,
0.05,2,severe_15,0.42125792777304855,0.005870050169419605,0.8181818181818182,7278.48,1.0
0.05,2,severe_18,0.4398074835588666,0.0058700501694196605,1.0,8567.06,
0.1,0,mild_00,0.05688209908999737,0.006448856964451154,0.6666666666666666,846.22,1.0
0.1,0,mild_03,0.024187220266497687,0.004974409835893787,0.42857142857142855,1060.14,1.0
0.1,0,mild_06,0.011467648152040648,-0.00017382696080818494,0.8181818181818182,409.29600000000005,1.0
0.1,0,mild_09,0.03611902338835594,0.0037625523715360196,0.6666666666666666,1060.14,1.0
0.1,0,mild_12,0.031936697398698026,0.002323240479737757,0.6666666666666666,1060.14,1.0
0.1,0,mild_15,0.04223255458443953,0.0019521630669486548,0.6666666666666666,1060.14,1.0
0.1,0,mild_18,0.011467648152040648,-0.00017382696080818494,0.8181818181818182,409.29600000000005,1.0
0.1,0,moderate_00,0.21336026623879756,0.0025167924857440183,1.0,8502.516,1.000000000000001
0.1,0,moderate_03,0.17397982990846964,0.0035782464804663683,1.0,4970.464,1.0000000000000002
0.1,0,moderate_06,0.19873537803973734,0.004544157287510425,1.0,9781.180000000002,1.0000000000000004
0.1,0,moderate_09,0.14623038976072905,0.005053926424348598,1.0,5982.947999999999,1.0000000000000002
0.1,0,moderate_12,0.19696567164087103,0.0045441572875103975,1.0,8073.975999999999,1.0000000000000013
0.1,0,moderate_15,0.3370369160384959,-0.010264420394957063,0.6666666666666666,7988.272,1.0
0.1,0,moderate_18,0.22391254901211427,-0.0018165533812117551,1.0,8299.472,1.0000000000000004
0.1,0,severe_00,0.48160793637193544,-0.011377652633324353,1.0,6108.108,
0.1,0,severe_03,0.46499821549981724,-0.013249682704155774,0.8181818181818182,6520.648,
0.1,0,severe_06,0.37823020730406093,-0.010924593001430727,0.8181818181818182,7406.0199999999995,0.9999999999999993
0.1,0,severe_09,0.5066994266792332,-0.01751830576655533,1.0,6128.552,
0.1,0,severe_12,0.4212813512642213,-0.006683708283840961,1.0,6920.9039999999995,
0.1,0,severe_15,0.3969394126744511,-0.018448464929177844,0.8181818181818182,7334.516,1.0000000000000009
0.1,0,severe_18,0.41580333636811373,-0.01813409702133323,1.0,8151.7519999999995,
0.1,1,mild_00,0.05289209229102085,0.0024588501654746325,0.5384615384615384,3834.628,0.9999999999999998
0.1,1,mild_03,0.017836372120374554,-0.0013764383102293463,0.8181818181818182,1702.444,1.0000000000000004
0.1,1,mild_06,0.010265036802619486,-0.0013764383102293463,0.6666666666666666,1702.444,1.0000000000000002
0.1,1,mild_09,0.03341545938089247,0.0010589883640725536,0.6666666666666666,3493.2960000000003,1.0
0.1,1,mild_12,0.030335270291677943,0.0007218133727176744,0.6666666666666666,3409.884,1.0
0.1,1,mild_15,0.04221282953924144,0.0019324380217505613,0.5384615384615384,3446.0879999999997,0.9999999999999999
0.1,1,mild_18,0.010265036802619486,-0.0013764383102293463,0.6666666666666666,1702.444,1.0000000000000002
0.1,1,moderate_00,0.232846761671525,0.022003287918471448,0.6666666666666666,7020.788000000001,0.9999999999999997
0.1,1,moderate_03,0.1870846568119519,0.016683073383948643,0.6666666666666666,6707.476000000001,0.9999999999999997
0.1,1,moderate_06,0.21644477018164918,0.02225354942942226,0.6666666666666666,8072.428,1.0000000000000002
0.1,1,moderate_09,0.13574591183028079,-0.005430551506099668,0.8181818181818182,9294.252,1.0000000000000002
0.1,1,moderate_12,0.21569953331775876,0.02327801896439813,0.6666666666666666,6935.348000000001,0.9999999999999999
0.1,1,moderate_15,0.37533802255189075,0.028036686118437792,0.6666666666666666,6287.1720000000005,0.9999999999999993
0.1,1,moderate_18,0.2522352482859244,0.026506145892598393,0.5384615384615384,6525.648000000001,0.9999999999999997
0.1,1,severe_00,0.48139219369008135,-0.011593395315178445,0.6666666666666666,5779.916,
0.1,1,severe_03,0.461827414484224,-0.016420483719749024,0.6666666666666666,6086.6720000000005,
0.1,1,severe_06,0.407442999242435,0.018288198936943334,0.8181818181818182,6008.012000000001,0.9999999999999994
0.1,1,severe_09,0.5117268475740968,-0.012490884871691699,0.6666666666666666,5954.224,
0.1,1,severe_12,0.4335256730709368,0.005560613522874569,0.6666666666666666,6595.748,
0.1,1,severe_15,0.41765749061673435,0.0022696130131054093,0.8181818181818182,6039.396000000001,1.0000000000000004
0.1,1,severe_18,0.4349680670010473,0.001030633611600329,0.6666666666666666,7279.076,
0.1,2,mild_00,0.06056513487307858,0.010131892747532366,0.5384615384615384,3378.3320000000003,1.0
0.1,2,mild_03,0.02868391416400019,0.00947110373339629,0.42857142857142855,3377.24,1.0
0.1,2,mild_06,0.013025310315027464,0.0013838352021786314,0.8181818181818182,2903.944,1.0000000000000002
0.1,2,mild_09,0.04546191432796463,0.013105443311144709,0.3333333333333333,3425.54,1.0000000000000004
0.1,2,mild_12,0.04686978942897843,0.017256332510018162,0.42857142857142855,3318.832,1.0000000000000002
0.1,2,mild_15,0.052805795218279196,0.01252540370078832,0.5384615384615384,3378.3320000000003,0.9999999999999998
0.1,2,mild_18,0.013025310315027464,0.0013838352021786314,0.8181818181818182,2903.944,1.0000000000000002
0.1,2,moderate_00,0.23987134339269545,0.029027869639641907,0.8181818181818182,7748.160000000001,1.0
0.1,2,moderate_03,0.19231487582775844,0.021913292399755174,0.8181818181818182,7447.988000000001,1.0000000000000002
0.1,2,moderate_06,0.2188697179256896,0.024678497173462682,0.8181818181818182,9117.628,1.0000000000000002
0.1,2,moderate_09,0.1615382576497732,0.020361794313392745,1.0,8728.256000000001,0.9999999999999998
0.1,2,moderate_12,0.21613841557341631,0.02371690122005568,0.8181818181818182,7556.331999999999,1.0
0.1,2,moderate_15,0.3381211771167285,-0.009180159316724446,0.6666666666666666,7783.32,1.0000000000000002
0.1,2,moderate_18,0.23899049684306817,0.013261394449742142,0.8181818181818182,7524.76,1.0000000000000004
0.1,2,severe_00,0.4618520707907216,-0.03113351821453819,0.8181818181818182,6402.871999999999,
0.1,2,severe_03,0.44679631363561556,-0.03145158456835745,0.8181818181818182,6407.392,
0.1,2,severe_06,0.3724969996357031,-0.01665780066978856,0.8181818181818182,7546.068,1.000000000000002
0.1,2,severe_09,0.5115850738117356,-0.01263265863405294,0.8181818181818182,5929.528,
0.1,2,severe_12,0.4210458835371691,-0.006919176010893147,0.8181818181818182,7094.224,
0.1,2,severe_15,0.38952464490295585,-0.02586323270067309,1.0,7127.204,1.0000000000000002
0.1,2,severe_18,0.4184964214453157,-0.015441011944131278,0.8181818181818182,8339.760000000002,
0.2,0,mild_00,0.05618987328507683,0.005756631159530616,0.3333333333333333,1589.9800000000002,1.0000000000000002
0.2,0,mild_03,0.020313098108059962,0.0011002876774560619,0.42857142857142855,453.53200000000015,1.0
0.2,0,mild_06,0.01847805249697498,0.0068365773841261475,0.3333333333333333,453.53200000000015,1.0000000000000002
0.2,0,mild_09,0.03930276896486045,0.006946297948040532,0.5384615384615384,661.9840000000002,1.0
0.2,0,mild_12,0.030585531802628733,0.0009720748836684646,0.6666666666666666,661.9840000000002,0.9999999999999998
0.2,0,mild_15,0.044836260550587655,0.004555869033096779,0.5384615384615384,661.9840000000002,1.0000000000000002
0.2,0,mild_18,0.01847805249697498,0.0068365773841261475,0.3333333333333333,453.53200000000015,1.0000000000000002
0.2,0,moderate_00,0.23027449249616133,0.019431018743107792,0.6666666666666666,6999.74,1.0000000000000007
0.2,0,moderate_03,0.18974199024473234,0.019340406816729078,0.6666666666666666,3824.1320000000005,0.9999999999999998
0.2,0,moderate_06,0.2175672485349531,0.023376027782726183,0.6666666666666666,8027.1320000000005,0.9999999999999996
0.2,0,moderate_09,0.16280744102673791,0.02163097769035746,0.6666666666666666,4450.740000000001,0.9999999999999998
0.2,0,moderate_12,0.21817379367479442,0.025752279321433785,0.6666666666666666,6701.148000000001,1.0000000000000002
0.2,0,moderate_15,0.35408058790497215,0.006779251471519199,0.5384615384615384,4775.755999999999,1.0000000000000007
0.2,0,moderate_18,0.229430013998618,0.0037009116052919844,0.6666666666666666,7009.064,1.0000000000000002
0.2,0,severe_00,0.4336242982969273,-0.059361290708332515,0.5384615384615384,5495.152,
0.2,0,severe_03,0.4377271076981304,-0.04052079050584262,0.6666666666666666,5774.26,
0.2,0,severe_06,0.3797613639375628,-0.009393436367928831,0.5384615384615384,4653.9,1.0
0.2,0,severe_09,0.4560319496419596,-0.06818578280382892,0.6666666666666666,5786.996,
0.2,0,severe_12,0.3759772372978414,-0.05198782225022086,0.5384615384615384,6059.052,
0.2,0,severe_15,0.3951943625820824,-0.020193515021546538,0.6666666666666666,4794.7,0.9999999999999998
0.2,0,severe_18,0.4108985805980757,-0.023038852791371245,0.6666666666666666,6788.904,
0.2,1,mild_00,0.07673289145122705,0.026299649325680838,0.1111111111111111,0.0,1.0
0.2,1,mild_03,0.023033305122409316,0.0038204946918054157,0.5384615384615384,0.0,1.0000000000000002
0.2,1,mild_06,0.014128063623133286,0.0024865885102844532,0.42857142857142855,0.0,1.0
0.2,1,mild_09,0.057808559806645246,0.025452088789825328,0.17647058823529413,0.0,1.0
0.2,1,mild_12,0.04584716911698986,0.016233712198029594,0.3333333333333333,0.0,1.0
0.2,1,mild_15,0.05936437274664474,0.019083981229153862,0.17647058823529413,0.0,1.0
0.2,1,mild_18,0.014128063623133286,0.0024865885102844532,0.42857142857142855,0.0,1.0
0.2,1,moderate_00,0.21678379439599138,0.005940320642937841,0.6666666666666666,6474.42,0.9999999999999992
0.2,1,moderate_03,0.18115358228395065,0.010751998855947381,0.8181818181818182,3609.724,1.0
0.2,1,moderate_06,0.20594858050561454,0.011757359753387625,0.6666666666666666,7194.732,1.0
0.2,1,moderate_09,0.15793288923215948,0.016756425895779026,0.8181818181818182,2006.7520000000002,1.0000000000000002
0.2,1,moderate_12,0.2018482367350612,0.009426722381700559,0.8181818181818182,6433.003999999999,1.0000000000000004
0.2,1,moderate_15,0.335981626120398,-0.011319710313054954,0.6666666666666666,5408.228000000001,1.0000000000000002
0.2,1,moderate_18,0.22047792551699652,-0.005251176876329505,0.6666666666666666,6384.54,1.0000000000000007
0.2,1,severe_00,0.43897101836093505,-0.054014570644324744,1.0,5455.792000000001,
0.2,1,severe_03,0.4352725723862928,-0.04297532581768021,1.0,5871.600000000001,
0.2,1,severe_06,0.3705294263771934,-0.018625373928298272,0.8181818181818182,5645.080000000001,1.0000000000000009
0.2,1,severe_09,0.4735255991020173,-0.050692133343771206,1.0,5626.276000000001,
0.2,1,severe_12,0.3793995326397103,-0.04856552690835192,1.0,6543.8279999999995,
0.2,1,severe_15,0.4233136473272872,0.007925769723658271,0.6666666666666666,4709.068000000001,0.9999999999999998
0.2,1,severe_18,0.45008793055304713,0.016150497163600175,1.0,5303.2080000000005,
0.2,2,mild_00,0.06452986895789505,0.01409662683234883,0.25,9514.004,
0.2,2,mild_03,0.03221839570043327,0.01300558526982937,0.05263157894736842,7532.728000000001,
0.2,2,mild_06,0.01769706398866303,0.006055588875814196,0.1111111111111111,7809.18,
0.2,2,mild_09,0.04844101256053894,0.016084541543719022,0.1111111111111111,9160.768,
0.2,2,mild_12,0.05603700418479162,0.026423547265831352,0.1111111111111111,8586.396,
0.2,2,mild_15,0.06422967842628659,0.023949286908795712,0.17647058823529413,8560.608,
0.2,2,mild_18,0.01769706398866303,0.006055588875814196,0.1111111111111111,7809.18,
0.2,2,moderate_00,0.22395939599445971,0.013115922241406175,0.8181818181818182,8873.228000000001,
0.2,2,moderate_03,0.19797658020727324,0.027574996779269972,0.6666666666666666,8024.996000000001,
0.2,2,moderate_06,0.21407961398086547,0.019888393228638557,0.8181818181818182,9377.284000000001,
0.2,2,moderate_09,0.17632711028704257,0.03515064695066211,0.8181818181818182,9445.196,
0.2,2,moderate_12,0.21029733656413135,0.01787582221077072,0.8181818181818182,8837.348,
0.2,2,moderate_15,0.35081054525572597,0.0035092088222730133,0.5384615384615384,6293.224,
0.2,2,moderate_18,0.23354700077605725,0.007817898382731225,0.8181818181818182,8328.828000000001,
0.2,2,severe_00,0.42225219333256486,-0.07073339567269493,0.5384615384615384,5148.164,
0.2,2,severe_03,0.40692644962130997,-0.07132144858266304,0.42857142857142855,5652.168,
0.2,2,severe_06,0.380648990971477,-0.00850580933401468,0.6666666666666666,5570.7919999999995,
0.2,2,severe_09,0.4441001465201014,-0.08011758592568713,0.5384615384615384,5293.160000000001,
0.2,2,severe_12,0.3814490881173246,-0.04651597143073766,0.42857142857142855,6005.804,
0.2,2,severe_15,0.41799774764640146,0.002609870042772522,0.5384615384615384,5491.331999999999,
0.2,2,severe_18,0.419987511580759,-0.013949921808687982,0.5384615384615384,5672.392,
